            # .PCD v0.7 - Point Cloud Data file format
            VERSION 0.7
            FIELDS x y z
            SIZE 4 4 4
            TYPE F F F
            COUNT 1 1 1
            WIDTH 4656
            HEIGHT 1
            VIEWPOINT 0 0 0 1 0 0 0
            POINTS 4656
            DATA ascii
            -28.778120 -165.038254 673.000000
-27.664827 -165.038254 673.000000
-26.551537 -165.038254 673.000000
-25.438244 -165.038254 673.000000
-24.324953 -165.038254 673.000000
-23.211660 -165.038254 673.000000
-22.098370 -165.038254 673.000000
-20.985079 -165.038254 673.000000
-19.871786 -165.038254 673.000000
-18.758495 -165.038254 673.000000
-17.645203 -165.038254 673.000000
-16.531912 -165.038254 673.000000
-15.418620 -165.038254 673.000000
-14.305328 -165.038254 673.000000
-13.192037 -165.038254 673.000000
-12.078745 -165.038254 673.000000
-10.965453 -165.038254 673.000000
-9.852162 -165.038254 673.000000
-8.738871 -165.038254 673.000000
-7.625579 -165.038254 673.000000
-6.521964 -165.283478 674.000000
-5.407018 -165.283478 674.000000
-4.292072 -165.283478 674.000000
-3.177126 -165.283478 674.000000
-2.062180 -165.283478 674.000000
-0.947234 -165.283478 674.000000
0.167711 -165.283478 674.000000
1.284560 -165.528702 675.000000
2.397603 -165.283478 674.000000
3.512549 -165.283478 674.000000
4.627495 -165.283478 674.000000
5.742441 -165.283478 674.000000
6.857387 -165.283478 674.000000
7.972332 -165.283478 674.000000
9.087278 -165.283478 674.000000
10.202224 -165.283478 674.000000
11.317170 -165.283478 674.000000
12.413671 -165.038254 673.000000
13.526962 -165.038254 673.000000
14.640254 -165.038254 673.000000
15.753545 -165.038254 673.000000
16.866837 -165.038254 673.000000
17.980129 -165.038254 673.000000
19.093420 -165.038254 673.000000
20.206711 -165.038254 673.000000
21.320004 -165.038254 673.000000
22.433294 -165.038254 673.000000
23.546587 -165.038254 673.000000
24.659878 -165.038254 673.000000
25.773170 -165.038254 673.000000
26.886461 -165.038254 673.000000
27.999752 -165.038254 673.000000
29.156303 -165.283478 674.000000
30.226336 -165.038254 673.000000
31.339628 -165.038254 673.000000
32.501141 -165.283478 674.000000
33.616085 -165.283478 674.000000
34.731033 -165.283478 674.000000
35.845978 -165.283478 674.000000
36.960922 -165.283478 674.000000
38.075871 -165.283478 674.000000
39.190815 -165.283478 674.000000
40.305763 -165.283478 674.000000
41.420708 -165.283478 674.000000
42.535652 -165.283478 674.000000
43.650600 -165.283478 674.000000
44.699127 -165.038254 673.000000
45.812420 -165.038254 673.000000
46.925709 -165.038254 673.000000
48.039001 -165.038254 673.000000
49.152294 -165.038254 673.000000
-28.735359 -163.681305 672.000000
-27.623720 -163.681305 672.000000
-26.512083 -163.681305 672.000000
-25.438244 -163.924881 673.000000
-24.324953 -163.924881 673.000000
-23.211660 -163.924881 673.000000
-22.098370 -163.924881 673.000000
-20.985079 -163.924881 673.000000
-19.871786 -163.924881 673.000000
-18.758495 -163.924881 673.000000
-17.645203 -163.924881 673.000000
-16.531912 -163.924881 673.000000
-15.418620 -163.924881 673.000000
-14.305328 -163.924881 673.000000
-13.192037 -163.924881 673.000000
-12.078745 -163.924881 673.000000
-10.965453 -163.924881 673.000000
-9.852162 -163.924881 673.000000
-8.751855 -164.168457 674.000000
-7.636909 -164.168457 674.000000
-6.521964 -164.168457 674.000000
-5.407018 -164.168457 674.000000
-4.292072 -164.168457 674.000000
-3.177126 -164.168457 674.000000
-2.065240 -164.412033 675.000000
-0.948640 -164.412033 675.000000
0.167960 -164.412033 675.000000
1.284560 -164.412033 675.000000
2.401160 -164.412033 675.000000
3.517761 -164.412033 675.000000
4.634360 -164.412033 675.000000
5.750960 -164.412033 675.000000
6.867560 -164.412033 675.000000
7.984160 -164.412033 675.000000
9.100760 -164.412033 675.000000
10.217360 -164.412033 675.000000
11.333961 -164.412033 675.000000
12.432116 -164.168457 674.000000
13.547061 -164.168457 674.000000
14.662007 -164.168457 674.000000
15.776953 -164.168457 674.000000
16.891899 -164.168457 674.000000
17.980129 -163.924881 673.000000
19.093420 -163.924881 673.000000
20.206711 -163.924881 673.000000
21.320004 -163.924881 673.000000
22.433294 -163.924881 673.000000
23.546587 -163.924881 673.000000
24.659878 -163.924881 673.000000
25.773170 -163.924881 673.000000
26.886461 -163.924881 673.000000
28.041357 -164.168457 674.000000
29.156303 -164.168457 674.000000
30.226336 -163.924881 673.000000
31.339628 -163.924881 673.000000
32.501141 -164.168457 674.000000
33.616085 -164.168457 674.000000
34.679504 -163.924881 673.000000
35.792793 -163.924881 673.000000
36.906086 -163.924881 673.000000
38.019379 -163.924881 673.000000
39.132668 -163.924881 673.000000
40.245960 -163.924881 673.000000
41.359253 -163.924881 673.000000
42.472546 -163.924881 673.000000
43.585835 -163.924881 673.000000
44.699127 -163.924881 673.000000
45.812420 -163.924881 673.000000
46.925709 -163.924881 673.000000
48.039001 -163.924881 673.000000
49.152294 -163.924881 673.000000
-28.735359 -162.569595 672.000000
-27.623720 -162.569595 672.000000
-26.512083 -162.569595 672.000000
-25.438244 -162.811508 673.000000
-24.324953 -162.811508 673.000000
-23.211660 -162.811508 673.000000
-22.098370 -162.811508 673.000000
-20.985079 -162.811508 673.000000
-19.871786 -162.811508 673.000000
-18.758495 -162.811508 673.000000
-17.645203 -162.811508 673.000000
-16.531912 -162.811508 673.000000
-15.418620 -162.811508 673.000000
-14.305328 -162.811508 673.000000
-13.192037 -162.811508 673.000000
-12.078745 -162.811508 673.000000
-10.965453 -162.811508 673.000000
-9.852162 -162.811508 673.000000
-8.751855 -163.053436 674.000000
-7.636909 -163.053436 674.000000
-6.521964 -163.053436 674.000000
-5.407018 -163.053436 674.000000
-4.292072 -163.053436 674.000000
-3.177126 -163.053436 674.000000
-2.065240 -163.295349 675.000000
-0.948640 -163.295349 675.000000
0.167960 -163.295349 675.000000
1.284560 -163.295349 675.000000
2.401160 -163.295349 675.000000
3.517761 -163.295349 675.000000
4.634360 -163.295349 675.000000
5.750960 -163.295349 675.000000
6.867560 -163.295349 675.000000
7.984160 -163.295349 675.000000
9.100760 -163.295349 675.000000
10.217360 -163.295349 675.000000
11.333961 -163.295349 675.000000
12.432116 -163.053436 674.000000
13.547061 -163.053436 674.000000
14.662007 -163.053436 674.000000
15.776953 -163.053436 674.000000
16.891899 -163.053436 674.000000
17.980129 -162.811508 673.000000
19.093420 -162.811508 673.000000
20.206711 -162.811508 673.000000
21.320004 -162.811508 673.000000
22.433294 -162.811508 673.000000
23.546587 -162.811508 673.000000
24.659878 -162.811508 673.000000
25.773170 -162.811508 673.000000
26.886461 -162.811508 673.000000
27.999752 -162.811508 673.000000
29.113045 -162.811508 673.000000
30.226336 -162.811508 673.000000
31.339628 -162.811508 673.000000
32.452919 -162.811508 673.000000
33.566212 -162.811508 673.000000
34.679504 -162.811508 673.000000
35.792793 -162.811508 673.000000
36.906086 -162.811508 673.000000
38.019379 -162.811508 673.000000
39.132668 -162.811508 673.000000
40.245960 -162.811508 673.000000
41.359253 -162.811508 673.000000
42.472546 -162.811508 673.000000
43.585835 -162.811508 673.000000
44.699127 -162.811508 673.000000
45.812420 -162.811508 673.000000
46.925709 -162.811508 673.000000
48.039001 -162.811508 673.000000
49.152294 -162.811508 673.000000
-28.735359 -161.457870 672.000000
-27.623720 -161.457870 672.000000
-26.512083 -161.457870 672.000000
-25.438244 -161.698135 673.000000
-24.324953 -161.698135 673.000000
-23.211660 -161.698135 673.000000
-22.098370 -161.698135 673.000000
-20.985079 -161.698135 673.000000
-19.871786 -161.698135 673.000000
-18.758495 -161.698135 673.000000
-17.645203 -161.698135 673.000000
-16.531912 -161.698135 673.000000
-15.418620 -161.698135 673.000000
-14.305328 -161.698135 673.000000
-13.192037 -161.698135 673.000000
-12.078745 -161.698135 673.000000
-10.965453 -161.698135 673.000000
-9.852162 -161.698135 673.000000
-8.751855 -161.938400 674.000000
-7.636909 -161.938400 674.000000
-6.521964 -161.938400 674.000000
-5.407018 -161.938400 674.000000
-4.292072 -161.938400 674.000000
-3.177126 -161.938400 674.000000
-2.065240 -162.178665 675.000000
-0.948640 -162.178665 675.000000
0.167960 -162.178665 675.000000
1.284560 -162.178665 675.000000
2.401160 -162.178665 675.000000
3.517761 -162.178665 675.000000
4.634360 -162.178665 675.000000
5.750960 -162.178665 675.000000
6.867560 -162.178665 675.000000
7.984160 -162.178665 675.000000
9.100760 -162.178665 675.000000
10.217360 -162.178665 675.000000
11.333961 -162.178665 675.000000
12.432116 -161.938400 674.000000
13.547061 -161.938400 674.000000
14.662007 -161.938400 674.000000
15.776953 -161.938400 674.000000
16.891899 -161.938400 674.000000
18.006845 -161.938400 674.000000
19.093420 -161.698135 673.000000
20.206711 -161.698135 673.000000
21.320004 -161.698135 673.000000
22.433294 -161.698135 673.000000
23.546587 -161.698135 673.000000
24.659878 -161.698135 673.000000
25.773170 -161.698135 673.000000
26.886461 -161.698135 673.000000
27.999752 -161.698135 673.000000
29.113045 -161.698135 673.000000
30.226336 -161.698135 673.000000
31.339628 -161.698135 673.000000
32.452919 -161.698135 673.000000
33.566212 -161.698135 673.000000
34.679504 -161.698135 673.000000
35.792793 -161.698135 673.000000
36.906086 -161.698135 673.000000
38.019379 -161.698135 673.000000
39.132668 -161.698135 673.000000
40.245960 -161.698135 673.000000
41.359253 -161.698135 673.000000
42.472546 -161.698135 673.000000
43.585835 -161.698135 673.000000
44.699127 -161.698135 673.000000
45.812420 -161.698135 673.000000
46.925709 -161.698135 673.000000
48.039001 -161.698135 673.000000
49.079258 -161.457870 672.000000
-28.735359 -160.346161 672.000000
-27.623720 -160.346161 672.000000
-26.512083 -160.346161 672.000000
-25.400446 -160.346161 672.000000
-24.324953 -160.584763 673.000000
-23.211660 -160.584763 673.000000
-22.098370 -160.584763 673.000000
-20.985079 -160.584763 673.000000
-19.871786 -160.584763 673.000000
-18.758495 -160.584763 673.000000
-17.645203 -160.584763 673.000000
-16.531912 -160.584763 673.000000
-15.418620 -160.584763 673.000000
-14.305328 -160.584763 673.000000
-13.192037 -160.584763 673.000000
-12.078745 -160.584763 673.000000
-10.965453 -160.584763 673.000000
-9.852162 -160.584763 673.000000
-8.751855 -160.823380 674.000000
-7.636909 -160.823380 674.000000
-6.521964 -160.823380 674.000000
-5.415040 -161.061996 675.000000
-4.298440 -161.061996 675.000000
-3.181840 -161.061996 675.000000
-2.065240 -161.061996 675.000000
-0.948640 -161.061996 675.000000
0.168209 -161.300598 676.000000
1.286463 -161.300598 676.000000
2.404718 -161.300598 676.000000
3.522972 -161.300598 676.000000
4.641226 -161.300598 676.000000
5.759480 -161.300598 676.000000
6.877735 -161.300598 676.000000
7.995989 -161.300598 676.000000
9.100760 -161.061996 675.000000
10.217360 -161.061996 675.000000
11.333961 -161.061996 675.000000
12.450561 -161.061996 675.000000
13.567161 -161.061996 675.000000
14.662007 -160.823380 674.000000
15.776953 -160.823380 674.000000
16.916962 -161.061996 675.000000
18.006845 -160.823380 674.000000
19.093420 -160.584763 673.000000
20.206711 -160.584763 673.000000
21.320004 -160.584763 673.000000
22.433294 -160.584763 673.000000
23.546587 -160.584763 673.000000
24.659878 -160.584763 673.000000
25.773170 -160.584763 673.000000
26.886461 -160.584763 673.000000
27.999752 -160.584763 673.000000
29.156303 -160.823380 674.000000
30.271250 -160.823380 674.000000
31.386194 -160.823380 674.000000
32.501141 -160.823380 674.000000
33.566212 -160.584763 673.000000
34.679504 -160.584763 673.000000
35.792793 -160.584763 673.000000
36.906086 -160.584763 673.000000
38.019379 -160.584763 673.000000
39.132668 -160.584763 673.000000
40.245960 -160.584763 673.000000
41.359253 -160.584763 673.000000
42.472546 -160.584763 673.000000
43.585835 -160.584763 673.000000
44.699127 -160.584763 673.000000
45.812420 -160.584763 673.000000
46.855984 -160.346161 672.000000
47.967621 -160.346161 672.000000
49.079258 -160.346161 672.000000
-28.692598 -158.997482 671.000000
-27.623720 -159.234436 672.000000
-26.512083 -159.234436 672.000000
-25.400446 -159.234436 672.000000
-24.324953 -159.471405 673.000000
-23.211660 -159.471405 673.000000
-22.098370 -159.471405 673.000000
-20.985079 -159.471405 673.000000
-19.871786 -159.471405 673.000000
-18.758495 -159.471405 673.000000
-17.645203 -159.471405 673.000000
-16.531912 -159.471405 673.000000
-15.418620 -159.471405 673.000000
-14.305328 -159.471405 673.000000
-13.192037 -159.471405 673.000000
-12.078745 -159.471405 673.000000
-10.965453 -159.471405 673.000000
-9.852162 -159.471405 673.000000
-8.751855 -159.708359 674.000000
-7.636909 -159.708359 674.000000
-6.521964 -159.708359 674.000000
-5.415040 -159.945312 675.000000
-4.298440 -159.945312 675.000000
-3.181840 -159.945312 675.000000
-2.065240 -159.945312 675.000000
-0.948640 -159.945312 675.000000
0.168209 -160.182266 676.000000
1.286463 -160.182266 676.000000
2.404718 -160.182266 676.000000
3.522972 -160.182266 676.000000
4.641226 -160.182266 676.000000
5.759480 -160.182266 676.000000
6.877735 -160.182266 676.000000
7.995989 -160.182266 676.000000
9.100760 -159.945312 675.000000
10.217360 -159.945312 675.000000
11.333961 -159.945312 675.000000
12.450561 -159.945312 675.000000
13.567161 -159.945312 675.000000
14.662007 -159.708359 674.000000
15.776953 -159.708359 674.000000
16.891899 -159.708359 674.000000
18.006845 -159.708359 674.000000
19.093420 -159.471405 673.000000
20.206711 -159.471405 673.000000
21.320004 -159.471405 673.000000
22.433294 -159.471405 673.000000
23.546587 -159.471405 673.000000
24.659878 -159.471405 673.000000
25.773170 -159.471405 673.000000
26.886461 -159.471405 673.000000
27.999752 -159.471405 673.000000
29.113045 -159.471405 673.000000
30.226336 -159.471405 673.000000
31.339628 -159.471405 673.000000
32.452919 -159.471405 673.000000
33.566212 -159.471405 673.000000
34.679504 -159.471405 673.000000
35.792793 -159.471405 673.000000
36.906086 -159.471405 673.000000
38.019379 -159.471405 673.000000
39.132668 -159.471405 673.000000
40.245960 -159.471405 673.000000
41.359253 -159.471405 673.000000
42.472546 -159.471405 673.000000
43.585835 -159.471405 673.000000
44.699127 -159.471405 673.000000
45.812420 -159.471405 673.000000
46.855984 -159.234436 672.000000
47.967621 -159.234436 672.000000
49.079258 -159.234436 672.000000
-28.692598 -157.887421 671.000000
-27.623720 -158.122726 672.000000
-26.512083 -158.122726 672.000000
-25.438244 -158.358032 673.000000
-24.324953 -158.358032 673.000000
-23.211660 -158.358032 673.000000
-22.098370 -158.358032 673.000000
-10.965453 -158.358032 673.000000
-9.852162 -158.358032 673.000000
-8.751855 -158.593323 674.000000
-7.636909 -158.593323 674.000000
-6.521964 -158.593323 674.000000
6.309861 -110.121185 468.000000
7.084037 -110.121185 468.000000
11.333961 -158.828629 675.000000
12.450561 -158.828629 675.000000
13.567161 -158.828629 675.000000
14.662007 -158.593323 674.000000
15.776953 -158.593323 674.000000
16.891899 -158.593323 674.000000
18.006845 -158.593323 674.000000
19.121790 -158.593323 674.000000
20.236736 -158.593323 674.000000
21.351683 -158.593323 674.000000
22.433294 -158.358032 673.000000
23.546587 -158.358032 673.000000
24.659878 -158.358032 673.000000
25.773170 -158.358032 673.000000
26.886461 -158.358032 673.000000
27.999752 -158.358032 673.000000
29.113045 -158.358032 673.000000
30.226336 -158.358032 673.000000
31.339628 -158.358032 673.000000
32.452919 -158.358032 673.000000
33.566212 -158.358032 673.000000
34.679504 -158.358032 673.000000
35.792793 -158.358032 673.000000
36.906086 -158.358032 673.000000
38.019379 -158.358032 673.000000
39.132668 -158.358032 673.000000
40.245960 -158.358032 673.000000
41.359253 -158.358032 673.000000
42.472546 -158.358032 673.000000
43.521072 -158.122726 672.000000
44.632710 -158.122726 672.000000
45.744347 -158.122726 672.000000
46.786259 -157.887421 671.000000
47.896240 -157.887421 671.000000
49.006226 -157.887421 671.000000
-28.692598 -156.777359 671.000000
-27.623720 -157.011017 672.000000
-26.512083 -157.011017 672.000000
-25.438244 -157.244659 673.000000
-24.324953 -157.244659 673.000000
-23.211660 -157.244659 673.000000
-22.098370 -157.244659 673.000000
-10.965453 -157.244659 673.000000
-9.852162 -157.244659 673.000000
-8.751855 -157.478302 674.000000
-7.636909 -157.478302 674.000000
-6.521964 -157.478302 674.000000
0.116701 -109.580597 469.000000
0.892532 -109.580597 469.000000
1.668362 -109.580597 469.000000
2.444192 -109.580597 469.000000
3.220022 -109.580597 469.000000
3.995852 -109.580597 469.000000
4.771683 -109.580597 469.000000
5.547513 -109.580597 469.000000
6.309861 -109.346954 468.000000
7.084037 -109.346954 468.000000
22.433294 -157.244659 673.000000
23.546587 -157.244659 673.000000
24.659878 -157.244659 673.000000
25.773170 -157.244659 673.000000
26.886461 -157.244659 673.000000
27.999752 -157.244659 673.000000
29.113045 -157.244659 673.000000
30.226336 -157.244659 673.000000
31.339628 -157.244659 673.000000
32.452919 -157.244659 673.000000
33.566212 -157.244659 673.000000
34.679504 -157.244659 673.000000
35.792793 -157.244659 673.000000
36.906086 -157.244659 673.000000
38.019379 -157.244659 673.000000
39.132668 -157.244659 673.000000
40.245960 -157.244659 673.000000
41.359253 -157.244659 673.000000
42.472546 -157.244659 673.000000
43.521072 -157.011017 672.000000
44.632710 -157.011017 672.000000
45.744347 -157.011017 672.000000
46.786259 -156.777359 671.000000
47.896240 -156.777359 671.000000
49.006226 -156.777359 671.000000
-0.657724 -108.572723 468.000000
0.116452 -108.572723 468.000000
0.892532 -108.804718 469.000000
1.664805 -108.572723 468.000000
2.438981 -108.572723 468.000000
3.213157 -108.572723 468.000000
3.987333 -108.572723 468.000000
4.761508 -108.572723 468.000000
5.535685 -108.572723 468.000000
6.309861 -108.572723 468.000000
7.068900 -108.340729 467.000000
7.841422 -108.340729 467.000000
8.613944 -108.340729 467.000000
9.366366 -108.108734 466.000000
10.137234 -108.108734 466.000000
10.908101 -108.108734 466.000000
11.678968 -108.108734 466.000000
12.449837 -108.108734 466.000000
22.433294 -156.131287 673.000000
23.546587 -156.131287 673.000000
24.659878 -156.131287 673.000000
25.773170 -156.131287 673.000000
26.886461 -156.131287 673.000000
27.999752 -156.131287 673.000000
29.113045 -156.131287 673.000000
30.226336 -156.131287 673.000000
31.339628 -156.131287 673.000000
32.452919 -156.131287 673.000000
33.566212 -156.131287 673.000000
34.679504 -156.131287 673.000000
35.792793 -156.131287 673.000000
36.906086 -156.131287 673.000000
38.019379 -156.131287 673.000000
39.132668 -156.131287 673.000000
40.186161 -155.899292 672.000000
41.297798 -155.899292 672.000000
42.409435 -155.899292 672.000000
43.521072 -155.899292 672.000000
44.632710 -155.899292 672.000000
45.676273 -155.667297 671.000000
46.786259 -155.667297 671.000000
47.896240 -155.667297 671.000000
49.006226 -155.667297 671.000000
-0.657724 -107.798492 468.000000
0.116452 -107.798492 468.000000
0.892532 -108.028831 469.000000
1.664805 -107.798492 468.000000
2.438981 -107.798492 468.000000
3.213157 -107.798492 468.000000
3.987333 -107.798492 468.000000
4.761508 -107.798492 468.000000
5.535685 -107.798492 468.000000
6.309861 -107.798492 468.000000
7.068900 -107.568153 467.000000
7.841422 -107.568153 467.000000
8.613944 -107.568153 467.000000
9.366366 -107.337814 466.000000
10.137234 -107.337814 466.000000
10.908101 -107.337814 466.000000
11.678968 -107.337814 466.000000
12.423120 -107.107475 465.000000
13.192333 -107.107475 465.000000
13.961547 -107.107475 465.000000
14.730760 -107.107475 465.000000
23.546587 -155.017914 673.000000
24.659878 -155.017914 673.000000
25.773170 -155.017914 673.000000
26.886461 -155.017914 673.000000
27.958149 -154.787582 672.000000
29.069786 -154.787582 672.000000
30.181423 -154.787582 672.000000
31.293060 -154.787582 672.000000
32.404697 -154.787582 672.000000
33.516335 -154.787582 672.000000
34.627972 -154.787582 672.000000
35.739609 -154.787582 672.000000
36.851246 -154.787582 672.000000
37.962887 -154.787582 672.000000
39.074524 -154.787582 672.000000
40.186161 -154.787582 672.000000
41.297798 -154.787582 672.000000
42.346325 -154.557236 671.000000
43.456310 -154.557236 671.000000
44.566292 -154.557236 671.000000
45.676273 -154.557236 671.000000
46.786259 -154.557236 671.000000
47.896240 -154.557236 671.000000
49.006226 -154.557236 671.000000
-2.201362 -106.795578 467.000000
-1.428840 -106.795578 467.000000
-0.656318 -106.795578 467.000000
0.116452 -107.024261 468.000000
0.890628 -107.024261 468.000000
1.664805 -107.024261 468.000000
2.438981 -107.024261 468.000000
3.213157 -107.024261 468.000000
3.987333 -107.024261 468.000000
4.761508 -107.024261 468.000000
5.535685 -107.024261 468.000000
6.296378 -106.795578 467.000000
7.068900 -106.795578 467.000000
7.841422 -106.795578 467.000000
8.595498 -106.566895 466.000000
9.366366 -106.566895 466.000000
10.137234 -106.566895 466.000000
10.884693 -106.338203 465.000000
11.653907 -106.338203 465.000000
12.423120 -106.338203 465.000000
13.192333 -106.338203 465.000000
13.961547 -106.338203 465.000000
14.730760 -106.338203 465.000000
24.659878 -153.904541 673.000000
25.773170 -153.904541 673.000000
26.886461 -153.904541 673.000000
27.958149 -153.675858 672.000000
29.069786 -153.675858 672.000000
30.181423 -153.675858 672.000000
31.293060 -153.675858 672.000000
32.404697 -153.675858 672.000000
33.516335 -153.675858 672.000000
34.627972 -153.675858 672.000000
35.739609 -153.675858 672.000000
36.851246 -153.675858 672.000000
37.962887 -153.675858 672.000000
39.074524 -153.675858 672.000000
40.186161 -153.675858 672.000000
41.297798 -153.675858 672.000000
42.346325 -153.447174 671.000000
43.456310 -153.447174 671.000000
44.566292 -153.447174 671.000000
45.676273 -153.447174 671.000000
46.786259 -153.447174 671.000000
47.896240 -153.447174 671.000000
49.006226 -153.447174 671.000000
-2.973884 -106.022995 467.000000
-2.201362 -106.022995 467.000000
-1.428840 -106.022995 467.000000
-0.656318 -106.022995 467.000000
0.116204 -106.022995 467.000000
0.890628 -106.250031 468.000000
1.661247 -106.022995 467.000000
2.433769 -106.022995 467.000000
3.213157 -106.250031 468.000000
3.987333 -106.250031 468.000000
4.751335 -106.022995 467.000000
5.523856 -106.022995 467.000000
6.296378 -106.022995 467.000000
7.068900 -106.022995 467.000000
7.841422 -106.022995 467.000000
8.595498 -105.795967 466.000000
9.366366 -105.795967 466.000000
10.137234 -105.795967 466.000000
10.884693 -105.568939 465.000000
11.653907 -105.568939 465.000000
12.423120 -105.568939 465.000000
13.192333 -105.568939 465.000000
13.961547 -105.568939 465.000000
14.730760 -105.568939 465.000000
15.499973 -105.568939 465.000000
24.659878 -152.791168 673.000000
25.773170 -152.791168 673.000000
26.846512 -152.564148 672.000000
27.958149 -152.564148 672.000000
29.069786 -152.564148 672.000000
30.181423 -152.564148 672.000000
31.293060 -152.564148 672.000000
32.404697 -152.564148 672.000000
33.516335 -152.564148 672.000000
34.627972 -152.564148 672.000000
35.739609 -152.564148 672.000000
36.851246 -152.564148 672.000000
37.906391 -152.337112 671.000000
39.016376 -152.337112 671.000000
40.126358 -152.337112 671.000000
41.297798 -152.564148 672.000000
42.346325 -152.337112 671.000000
43.456310 -152.337112 671.000000
44.566292 -152.337112 671.000000
45.676273 -152.337112 671.000000
46.786259 -152.337112 671.000000
47.896240 -152.337112 671.000000
49.006226 -152.337112 671.000000
-2.973884 -105.250420 467.000000
-2.201362 -105.250420 467.000000
-1.428840 -105.250420 467.000000
-0.656318 -105.250420 467.000000
0.116204 -105.250420 467.000000
0.890628 -105.475800 468.000000
1.661247 -105.250420 467.000000
2.433769 -105.250420 467.000000
3.213157 -105.475800 468.000000
3.987333 -105.475800 468.000000
4.751335 -105.250420 467.000000
5.523856 -105.250420 467.000000
6.296378 -105.250420 467.000000
7.068900 -105.250420 467.000000
7.841422 -105.250420 467.000000
8.595498 -105.025047 466.000000
9.366366 -105.025047 466.000000
10.137234 -105.025047 466.000000
10.884693 -104.799667 465.000000
11.653907 -104.799667 465.000000
12.423120 -104.799667 465.000000
13.192333 -104.799667 465.000000
13.961547 -104.799667 465.000000
14.730760 -104.799667 465.000000
15.499973 -104.799667 465.000000
26.846512 -151.452423 672.000000
27.958149 -151.452423 672.000000
29.069786 -151.452423 672.000000
30.136511 -151.227051 671.000000
31.246494 -151.227051 671.000000
32.404697 -151.452423 672.000000
33.516335 -151.452423 672.000000
34.576443 -151.227051 671.000000
35.686428 -151.227051 671.000000
36.796410 -151.227051 671.000000
37.906391 -151.227051 671.000000
39.016376 -151.227051 671.000000
40.126358 -151.227051 671.000000
41.236343 -151.227051 671.000000
42.346325 -151.227051 671.000000
43.456310 -151.227051 671.000000
44.566292 -151.227051 671.000000
45.676273 -151.227051 671.000000
46.786259 -151.227051 671.000000
47.896240 -151.227051 671.000000
49.006226 -151.227051 671.000000
-5.268788 -104.030403 465.000000
-4.499574 -104.030403 465.000000
-3.738383 -104.254120 466.000000
-2.967516 -104.254120 466.000000
-2.196648 -104.254120 466.000000
-1.425780 -104.254120 466.000000
-0.654913 -104.254120 466.000000
0.116204 -104.477844 467.000000
0.888725 -104.477844 467.000000
1.661247 -104.477844 467.000000
2.433769 -104.477844 467.000000
3.206291 -104.477844 467.000000
3.978813 -104.477844 467.000000
4.751335 -104.477844 467.000000
5.523856 -104.477844 467.000000
6.296378 -104.477844 467.000000
7.053763 -104.254120 466.000000
7.824631 -104.254120 466.000000
8.595498 -104.254120 466.000000
9.366366 -104.254120 466.000000
10.137234 -104.254120 466.000000
10.884693 -104.030403 465.000000
11.653907 -104.030403 465.000000
12.423120 -104.030403 465.000000
13.192333 -104.030403 465.000000
13.961547 -104.030403 465.000000
14.699081 -103.806679 464.000000
15.466640 -103.806679 464.000000
16.234200 -103.806679 464.000000
17.001759 -103.806679 464.000000
30.136511 -150.116989 671.000000
31.246494 -150.116989 671.000000
32.404697 -150.340714 672.000000
33.516335 -150.340714 672.000000
34.576443 -150.116989 671.000000
35.686428 -150.116989 671.000000
36.796410 -150.116989 671.000000
37.906391 -150.116989 671.000000
39.016376 -150.116989 671.000000
40.126358 -150.116989 671.000000
41.236343 -150.116989 671.000000
42.346325 -150.116989 671.000000
43.456310 -150.116989 671.000000
44.566292 -150.116989 671.000000
45.676273 -150.116989 671.000000
46.786259 -150.116989 671.000000
47.896240 -150.116989 671.000000
49.006226 -150.116989 671.000000
-6.807214 -103.261131 465.000000
-6.038001 -103.261131 465.000000
-5.268788 -103.261131 465.000000
-4.499574 -103.261131 465.000000
-3.730361 -103.261131 465.000000
-2.961148 -103.261131 465.000000
-2.196648 -103.483200 466.000000
-1.425780 -103.483200 466.000000
-0.654913 -103.483200 466.000000
0.115955 -103.483200 466.000000
0.886822 -103.483200 466.000000
1.657690 -103.483200 466.000000
2.433769 -103.705269 467.000000
3.206291 -103.705269 467.000000
3.970293 -103.483200 466.000000
4.741160 -103.483200 466.000000
5.512028 -103.483200 466.000000
6.282896 -103.483200 466.000000
7.053763 -103.483200 466.000000
7.824631 -103.483200 466.000000
8.577053 -103.261131 465.000000
9.346267 -103.261131 465.000000
10.115479 -103.261131 465.000000
10.861285 -103.039070 464.000000
11.628844 -103.039070 464.000000
12.396403 -103.039070 464.000000
13.163962 -103.039070 464.000000
13.931521 -103.039070 464.000000
14.699081 -103.039070 464.000000
15.466640 -103.039070 464.000000
16.234200 -103.039070 464.000000
17.001759 -103.039070 464.000000
17.769318 -103.039070 464.000000
30.136511 -149.006927 671.000000
31.246494 -149.006927 671.000000
32.356476 -149.006927 671.000000
33.466461 -149.006927 671.000000
34.576443 -149.006927 671.000000
35.686428 -149.006927 671.000000
36.796410 -149.006927 671.000000
37.906391 -149.006927 671.000000
39.016376 -149.006927 671.000000
40.126358 -149.006927 671.000000
41.236343 -149.006927 671.000000
42.346325 -149.006927 671.000000
43.456310 -149.006927 671.000000
44.566292 -149.006927 671.000000
45.676273 -149.006927 671.000000
46.786259 -149.006927 671.000000
47.896240 -149.006927 671.000000
49.006226 -149.006927 671.000000
-6.807214 -102.491867 465.000000
-6.038001 -102.491867 465.000000
-5.268788 -102.491867 465.000000
-4.499574 -102.491867 465.000000
-3.730361 -102.491867 465.000000
-2.961148 -102.491867 465.000000
-2.196648 -102.712280 466.000000
-1.425780 -102.712280 466.000000
-0.654913 -102.712280 466.000000
0.115955 -102.712280 466.000000
0.886822 -102.712280 466.000000
1.657690 -102.712280 466.000000
2.433769 -102.932693 467.000000
3.206291 -102.932693 467.000000
3.970293 -102.712280 466.000000
4.741160 -102.712280 466.000000
5.512028 -102.712280 466.000000
6.282896 -102.712280 466.000000
7.053763 -102.712280 466.000000
7.824631 -102.712280 466.000000
8.577053 -102.491867 465.000000
9.346267 -102.491867 465.000000
10.115479 -102.491867 465.000000
10.861285 -102.271454 464.000000
11.628844 -102.271454 464.000000
12.396403 -102.271454 464.000000
13.163962 -102.271454 464.000000
13.931521 -102.271454 464.000000
14.699081 -102.271454 464.000000
15.466640 -102.271454 464.000000
16.234200 -102.271454 464.000000
17.001759 -102.271454 464.000000
17.769318 -102.271454 464.000000
31.246494 -147.896866 671.000000
32.356476 -147.896866 671.000000
33.466461 -147.896866 671.000000
34.576443 -147.896866 671.000000
35.686428 -147.896866 671.000000
36.796410 -147.896866 671.000000
37.906391 -147.896866 671.000000
39.016376 -147.896866 671.000000
40.126358 -147.896866 671.000000
41.236343 -147.896866 671.000000
42.346325 -147.896866 671.000000
43.456310 -147.896866 671.000000
44.566292 -147.896866 671.000000
45.676273 -147.896866 671.000000
46.786259 -147.896866 671.000000
47.896240 -147.896866 671.000000
49.006226 -147.896866 671.000000
-7.576428 -101.722595 465.000000
-6.807214 -101.722595 465.000000
-6.038001 -101.722595 465.000000
-5.268788 -101.722595 465.000000
-4.499574 -101.722595 465.000000
-3.730361 -101.722595 465.000000
-2.961148 -101.722595 465.000000
-2.196648 -101.941353 466.000000
-1.425780 -101.941353 466.000000
-0.654913 -101.941353 466.000000
0.115955 -101.941353 466.000000
0.886822 -101.941353 466.000000
1.657690 -101.941353 466.000000
2.428558 -101.941353 466.000000
3.199425 -101.941353 466.000000
3.961773 -101.722595 465.000000
4.730986 -101.722595 465.000000
5.500200 -101.722595 465.000000
6.269413 -101.722595 465.000000
7.038626 -101.722595 465.000000
7.807840 -101.722595 465.000000
8.558608 -101.503838 464.000000
9.326167 -101.503838 464.000000
10.093726 -101.503838 464.000000
10.861285 -101.503838 464.000000
11.628844 -101.503838 464.000000
12.369687 -101.285080 463.000000
13.135592 -101.285080 463.000000
13.901497 -101.285080 463.000000
14.667402 -101.285080 463.000000
15.433307 -101.285080 463.000000
16.234200 -101.503838 464.000000
17.001759 -101.503838 464.000000
17.769318 -101.503838 464.000000
18.536877 -101.503838 464.000000
19.304436 -101.503838 464.000000
33.466461 -146.786804 671.000000
34.576443 -146.786804 671.000000
35.686428 -146.786804 671.000000
36.796410 -146.786804 671.000000
37.906391 -146.786804 671.000000
39.016376 -146.786804 671.000000
40.126358 -146.786804 671.000000
41.236343 -146.786804 671.000000
42.346325 -146.786804 671.000000
43.456310 -146.786804 671.000000
44.566292 -146.786804 671.000000
45.676273 -146.786804 671.000000
46.786259 -146.786804 671.000000
47.896240 -146.786804 671.000000
49.006226 -146.786804 671.000000
-7.576428 -100.953331 465.000000
-6.807214 -100.953331 465.000000
-6.038001 -100.953331 465.000000
-5.268788 -100.953331 465.000000
-4.499574 -100.953331 465.000000
-3.730361 -100.953331 465.000000
-2.961148 -100.953331 465.000000
-2.191934 -100.953331 465.000000
-1.422721 -100.953331 465.000000
-0.653507 -100.953331 465.000000
0.115706 -100.953331 465.000000
0.884919 -100.953331 465.000000
1.654133 -100.953331 465.000000
2.423346 -100.953331 465.000000
3.192559 -100.953331 465.000000
3.961773 -100.953331 465.000000
4.730986 -100.953331 465.000000
5.500200 -100.953331 465.000000
6.255930 -100.736221 464.000000
7.023489 -100.736221 464.000000
7.791049 -100.736221 464.000000
8.540162 -100.519119 463.000000
9.306067 -100.519119 463.000000
10.071972 -100.519119 463.000000
10.837877 -100.519119 463.000000
11.603783 -100.519119 463.000000
12.369687 -100.519119 463.000000
13.135592 -100.519119 463.000000
13.901497 -100.519119 463.000000
14.667402 -100.519119 463.000000
15.433307 -100.519119 463.000000
16.199211 -100.519119 463.000000
16.965117 -100.519119 463.000000
17.731022 -100.519119 463.000000
18.496927 -100.519119 463.000000
19.304436 -100.736221 464.000000
33.466461 -145.676743 671.000000
34.576443 -145.676743 671.000000
35.686428 -145.676743 671.000000
36.796410 -145.676743 671.000000
37.906391 -145.676743 671.000000
39.016376 -145.676743 671.000000
40.126358 -145.676743 671.000000
41.236343 -145.676743 671.000000
42.346325 -145.676743 671.000000
43.456310 -145.676743 671.000000
44.566292 -145.676743 671.000000
45.676273 -145.676743 671.000000
46.786259 -145.676743 671.000000
47.896240 -145.676743 671.000000
49.006226 -145.676743 671.000000
-9.114855 -100.184059 465.000000
-8.345641 -100.184059 465.000000
-7.576428 -100.184059 465.000000
-6.807214 -100.184059 465.000000
-6.038001 -100.184059 465.000000
-5.268788 -100.184059 465.000000
-4.499574 -100.184059 465.000000
-3.730361 -100.184059 465.000000
-2.961148 -100.184059 465.000000
-2.191934 -100.184059 465.000000
-1.422721 -100.184059 465.000000
-0.653507 -100.184059 465.000000
0.115706 -100.184059 465.000000
0.884919 -100.184059 465.000000
1.654133 -100.184059 465.000000
2.423346 -100.184059 465.000000
3.192559 -100.184059 465.000000
3.961773 -100.184059 465.000000
4.730986 -100.184059 465.000000
5.500200 -100.184059 465.000000
6.255930 -99.968613 464.000000
7.023489 -99.968613 464.000000
7.791049 -99.968613 464.000000
8.540162 -99.753159 463.000000
9.306067 -99.753159 463.000000
10.071972 -99.753159 463.000000
10.837877 -99.753159 463.000000
11.603783 -99.753159 463.000000
12.369687 -99.753159 463.000000
13.135592 -99.753159 463.000000
13.901497 -99.753159 463.000000
14.667402 -99.753159 463.000000
15.433307 -99.753159 463.000000
16.199211 -99.753159 463.000000
16.965117 -99.753159 463.000000
17.731022 -99.753159 463.000000
18.496927 -99.753159 463.000000
19.304436 -99.968613 464.000000
33.466461 -144.566681 671.000000
34.576443 -144.566681 671.000000
35.686428 -144.566681 671.000000
36.796410 -144.566681 671.000000
37.906391 -144.566681 671.000000
39.016376 -144.566681 671.000000
40.126358 -144.566681 671.000000
41.236343 -144.566681 671.000000
42.346325 -144.566681 671.000000
43.456310 -144.566681 671.000000
44.566292 -144.566681 671.000000
45.676273 -144.566681 671.000000
46.786259 -144.566681 671.000000
47.896240 -144.566681 671.000000
49.006226 -144.566681 671.000000
-9.114855 -99.414795 465.000000
-8.345641 -99.414795 465.000000
-7.576428 -99.414795 465.000000
-6.807214 -99.414795 465.000000
-6.038001 -99.414795 465.000000
-5.268788 -99.414795 465.000000
-4.499574 -99.414795 465.000000
-3.730361 -99.414795 465.000000
-2.961148 -99.414795 465.000000
-2.191934 -99.414795 465.000000
-1.422721 -99.414795 465.000000
-0.653507 -99.414795 465.000000
0.115457 -99.200996 464.000000
0.883016 -99.200996 464.000000
1.650575 -99.200996 464.000000
2.418135 -99.200996 464.000000
3.185694 -99.200996 464.000000
3.953253 -99.200996 464.000000
4.720812 -99.200996 464.000000
5.488371 -99.200996 464.000000
6.255930 -99.200996 464.000000
7.023489 -99.200996 464.000000
7.791049 -99.200996 464.000000
8.540162 -98.987206 463.000000
9.306067 -98.987206 463.000000
10.071972 -98.987206 463.000000
10.837877 -98.987206 463.000000
11.603783 -98.987206 463.000000
12.369687 -98.987206 463.000000
13.135592 -98.987206 463.000000
13.901497 -98.987206 463.000000
14.667402 -98.987206 463.000000
15.433307 -98.987206 463.000000
16.199211 -98.987206 463.000000
16.965117 -98.987206 463.000000
17.731022 -98.987206 463.000000
18.496927 -98.987206 463.000000
19.304436 -99.200996 464.000000
34.576443 -143.456619 671.000000
35.686428 -143.456619 671.000000
36.796410 -143.456619 671.000000
37.906391 -143.456619 671.000000
39.016376 -143.456619 671.000000
40.126358 -143.456619 671.000000
41.297798 -143.670410 672.000000
42.409435 -143.670410 672.000000
43.521072 -143.670410 672.000000
44.632710 -143.670410 672.000000
45.676273 -143.456619 671.000000
46.786259 -143.456619 671.000000
47.967621 -143.670410 672.000000
49.079258 -143.670410 672.000000
-9.114855 -98.645523 465.000000
-8.345641 -98.645523 465.000000
-7.576428 -98.645523 465.000000
-6.807214 -98.645523 465.000000
-6.038001 -98.645523 465.000000
-5.268788 -98.645523 465.000000
-4.499574 -98.645523 465.000000
-3.730361 -98.645523 465.000000
-2.961148 -98.645523 465.000000
-2.187220 -98.433380 464.000000
-1.419661 -98.433380 464.000000
-0.652102 -98.433380 464.000000
0.115457 -98.433380 464.000000
0.883016 -98.433380 464.000000
1.650575 -98.433380 464.000000
2.418135 -98.433380 464.000000
3.185694 -98.433380 464.000000
3.953253 -98.433380 464.000000
4.720812 -98.433380 464.000000
5.488371 -98.433380 464.000000
6.242448 -98.221245 463.000000
7.008353 -98.221245 463.000000
7.774258 -98.221245 463.000000
8.540162 -98.221245 463.000000
9.306067 -98.221245 463.000000
10.071972 -98.221245 463.000000
10.814469 -98.009102 462.000000
11.578720 -98.009102 462.000000
12.342971 -98.009102 462.000000
13.107222 -98.009102 462.000000
13.901497 -98.221245 463.000000
14.667402 -98.221245 463.000000
15.433307 -98.221245 463.000000
16.199211 -98.221245 463.000000
16.965117 -98.221245 463.000000
17.731022 -98.221245 463.000000
18.496927 -98.221245 463.000000
19.262831 -98.221245 463.000000
20.071995 -98.433380 464.000000
20.839554 -98.433380 464.000000
34.576443 -142.346558 671.000000
35.686428 -142.346558 671.000000
36.796410 -142.346558 671.000000
37.906391 -142.346558 671.000000
39.016376 -142.346558 671.000000
40.126358 -142.346558 671.000000
41.297798 -142.558701 672.000000
42.409435 -142.558701 672.000000
43.521072 -142.558701 672.000000
44.632710 -142.558701 672.000000
45.676273 -142.346558 671.000000
46.786259 -142.346558 671.000000
47.967621 -142.558701 672.000000
49.079258 -142.558701 672.000000
-9.114855 -97.876259 465.000000
-8.345641 -97.876259 465.000000
-7.576428 -97.876259 465.000000
-6.807214 -97.876259 465.000000
-6.038001 -97.876259 465.000000
-5.268788 -97.876259 465.000000
-4.489898 -97.665771 464.000000
-3.722339 -97.665771 464.000000
-2.954779 -97.665771 464.000000
-2.187220 -97.665771 464.000000
-1.419661 -97.665771 464.000000
-0.652102 -97.665771 464.000000
0.115457 -97.665771 464.000000
0.883016 -97.665771 464.000000
1.650575 -97.665771 464.000000
2.418135 -97.665771 464.000000
3.185694 -97.665771 464.000000
3.953253 -97.665771 464.000000
4.720812 -97.665771 464.000000
5.488371 -97.665771 464.000000
6.242448 -97.455284 463.000000
7.008353 -97.455284 463.000000
7.774258 -97.455284 463.000000
8.540162 -97.455284 463.000000
9.306067 -97.455284 463.000000
10.071972 -97.455284 463.000000
10.814469 -97.244797 462.000000
11.578720 -97.244797 462.000000
12.342971 -97.244797 462.000000
13.107222 -97.244797 462.000000
13.901497 -97.455284 463.000000
14.667402 -97.455284 463.000000
15.433307 -97.455284 463.000000
16.199211 -97.455284 463.000000
16.965117 -97.455284 463.000000
17.731022 -97.455284 463.000000
18.496927 -97.455284 463.000000
19.262831 -97.455284 463.000000
20.071995 -97.665771 464.000000
20.839554 -97.665771 464.000000
36.851246 -141.446976 672.000000
37.962887 -141.446976 672.000000
39.074524 -141.446976 672.000000
40.186161 -141.446976 672.000000
41.297798 -141.446976 672.000000
42.409435 -141.446976 672.000000
43.521072 -141.446976 672.000000
44.632710 -141.446976 672.000000
45.744347 -141.446976 672.000000
46.925709 -141.657471 673.000000
48.039001 -141.657471 673.000000
49.152294 -141.657471 673.000000
-9.114855 -97.106987 465.000000
-8.345641 -97.106987 465.000000
-7.576428 -97.106987 465.000000
-6.807214 -97.106987 465.000000
-6.038001 -97.106987 465.000000
-5.268788 -97.106987 465.000000
-4.489898 -96.898155 464.000000
-3.722339 -96.898155 464.000000
-2.954779 -96.898155 464.000000
-2.187220 -96.898155 464.000000
-1.419661 -96.898155 464.000000
-0.652102 -96.898155 464.000000
0.115457 -96.898155 464.000000
0.883016 -96.898155 464.000000
1.650575 -96.898155 464.000000
2.418135 -96.898155 464.000000
3.185694 -96.898155 464.000000
3.953253 -96.898155 464.000000
4.720812 -96.898155 464.000000
5.476543 -96.689323 463.000000
6.242448 -96.689323 463.000000
7.008353 -96.689323 463.000000
7.774258 -96.689323 463.000000
8.540162 -96.689323 463.000000
9.306067 -96.689323 463.000000
10.050219 -96.480492 462.000000
10.814469 -96.480492 462.000000
11.578720 -96.480492 462.000000
12.342971 -96.480492 462.000000
13.107222 -96.480492 462.000000
13.901497 -96.689323 463.000000
14.667402 -96.689323 463.000000
15.433307 -96.689323 463.000000
16.199211 -96.689323 463.000000
16.965117 -96.689323 463.000000
17.731022 -96.689323 463.000000
18.496927 -96.689323 463.000000
19.262831 -96.689323 463.000000
20.071995 -96.898155 464.000000
20.839554 -96.898155 464.000000
21.653681 -97.106987 465.000000
39.132668 -140.544098 673.000000
40.245960 -140.544098 673.000000
41.359253 -140.544098 673.000000
42.472546 -140.544098 673.000000
43.585835 -140.544098 673.000000
44.699127 -140.544098 673.000000
45.812420 -140.544098 673.000000
46.925709 -140.544098 673.000000
48.039001 -140.544098 673.000000
49.152294 -140.544098 673.000000
-9.134457 -96.544899 466.000000
-8.363588 -96.544899 466.000000
-7.576428 -96.337723 465.000000
-6.807214 -96.337723 465.000000
-6.038001 -96.337723 465.000000
-5.268788 -96.337723 465.000000
-4.499574 -96.337723 465.000000
-3.730361 -96.337723 465.000000
-2.954779 -96.130539 464.000000
-2.187220 -96.130539 464.000000
-1.419661 -96.130539 464.000000
-0.652102 -96.130539 464.000000
0.115457 -96.130539 464.000000
0.883016 -96.130539 464.000000
1.650575 -96.130539 464.000000
2.418135 -96.130539 464.000000
3.178828 -95.923363 463.000000
3.944733 -95.923363 463.000000
4.710638 -95.923363 463.000000
5.476543 -95.923363 463.000000
6.242448 -95.923363 463.000000
7.008353 -95.923363 463.000000
7.774258 -95.923363 463.000000
8.521717 -95.716187 462.000000
9.285968 -95.716187 462.000000
10.050219 -95.716187 462.000000
10.814469 -95.716187 462.000000
11.578720 -95.716187 462.000000
12.342971 -95.716187 462.000000
13.107222 -95.716187 462.000000
13.871472 -95.716187 462.000000
14.635723 -95.716187 462.000000
15.399974 -95.716187 462.000000
16.164225 -95.716187 462.000000
16.965117 -95.923363 463.000000
17.731022 -95.923363 463.000000
18.496927 -95.923363 463.000000
19.304436 -96.130539 464.000000
20.071995 -96.130539 464.000000
20.839554 -96.130539 464.000000
21.653681 -96.337723 465.000000
39.132668 -139.430725 673.000000
40.245960 -139.430725 673.000000
41.359253 -139.430725 673.000000
42.472546 -139.430725 673.000000
43.585835 -139.430725 673.000000
44.699127 -139.430725 673.000000
45.812420 -139.430725 673.000000
46.925709 -139.430725 673.000000
48.039001 -139.430725 673.000000
49.152294 -139.430725 673.000000
-9.134457 -95.773972 466.000000
-8.363588 -95.773972 466.000000
-7.576428 -95.568451 465.000000
-6.807214 -95.568451 465.000000
-6.038001 -95.568451 465.000000
-5.268788 -95.568451 465.000000
-4.499574 -95.568451 465.000000
-3.730361 -95.568451 465.000000
-2.954779 -95.362930 464.000000
-2.187220 -95.362930 464.000000
-1.419661 -95.362930 464.000000
-0.652102 -95.362930 464.000000
0.115457 -95.362930 464.000000
0.883016 -95.362930 464.000000
1.647018 -95.157402 463.000000
2.412923 -95.157402 463.000000
3.178828 -95.157402 463.000000
3.944733 -95.157402 463.000000
4.710638 -95.157402 463.000000
5.476543 -95.157402 463.000000
6.242448 -95.157402 463.000000
7.008353 -95.157402 463.000000
7.774258 -95.157402 463.000000
8.521717 -94.951881 462.000000
9.285968 -94.951881 462.000000
10.050219 -94.951881 462.000000
10.814469 -94.951881 462.000000
11.578720 -94.951881 462.000000
12.342971 -94.951881 462.000000
13.107222 -94.951881 462.000000
13.871472 -94.951881 462.000000
14.635723 -94.951881 462.000000
15.399974 -94.951881 462.000000
16.164225 -94.951881 462.000000
16.965117 -95.157402 463.000000
17.731022 -95.157402 463.000000
18.496927 -95.157402 463.000000
19.304436 -95.362930 464.000000
20.071995 -95.362930 464.000000
20.839554 -95.362930 464.000000
21.653681 -95.568451 465.000000
40.245960 -138.317352 673.000000
41.359253 -138.317352 673.000000
42.472546 -138.317352 673.000000
43.585835 -138.317352 673.000000
44.699127 -138.317352 673.000000
45.812420 -138.317352 673.000000
46.925709 -138.317352 673.000000
48.039001 -138.317352 673.000000
49.152294 -138.317352 673.000000
-7.576428 -94.799187 465.000000
-6.807214 -94.799187 465.000000
-6.038001 -94.799187 465.000000
-5.268788 -94.799187 465.000000
-4.499574 -94.799187 465.000000
-3.730361 -94.799187 465.000000
-2.954779 -94.595314 464.000000
-2.187220 -94.595314 464.000000
-1.419661 -94.595314 464.000000
-0.652102 -94.595314 464.000000
0.115457 -94.595314 464.000000
0.883016 -94.595314 464.000000
1.647018 -94.391441 463.000000
2.412923 -94.391441 463.000000
3.178828 -94.391441 463.000000
3.944733 -94.391441 463.000000
4.710638 -94.391441 463.000000
5.476543 -94.391441 463.000000
6.228965 -94.187576 462.000000
6.993216 -94.187576 462.000000
7.757466 -94.187576 462.000000
8.521717 -94.187576 462.000000
9.285968 -94.187576 462.000000
10.050219 -94.187576 462.000000
10.814469 -94.187576 462.000000
11.578720 -94.187576 462.000000
12.342971 -94.187576 462.000000
13.107222 -94.187576 462.000000
13.871472 -94.187576 462.000000
14.635723 -94.187576 462.000000
15.399974 -94.187576 462.000000
16.164225 -94.187576 462.000000
16.965117 -94.391441 463.000000
17.731022 -94.391441 463.000000
18.496927 -94.391441 463.000000
19.304436 -94.595314 464.000000
20.071995 -94.595314 464.000000
20.839554 -94.595314 464.000000
21.653681 -94.799187 465.000000
22.471115 -95.003052 466.000000
23.241983 -95.003052 466.000000
40.245960 -137.203979 673.000000
41.359253 -137.203979 673.000000
42.472546 -137.203979 673.000000
43.585835 -137.203979 673.000000
44.699127 -137.203979 673.000000
45.812420 -137.203979 673.000000
46.925709 -137.203979 673.000000
48.039001 -137.203979 673.000000
49.152294 -137.203979 673.000000
-7.592721 -94.232132 466.000000
-6.807214 -94.029915 465.000000
-6.038001 -94.029915 465.000000
-5.268788 -94.029915 465.000000
-4.499574 -94.029915 465.000000
-3.730361 -94.029915 465.000000
-2.954779 -93.827698 464.000000
-2.187220 -93.827698 464.000000
-1.419661 -93.827698 464.000000
-0.652102 -93.827698 464.000000
0.115457 -93.827698 464.000000
0.883016 -93.827698 464.000000
1.647018 -93.625488 463.000000
2.412923 -93.625488 463.000000
3.178828 -93.625488 463.000000
3.944733 -93.625488 463.000000
4.710638 -93.625488 463.000000
5.476543 -93.625488 463.000000
6.228965 -93.423271 462.000000
6.993216 -93.423271 462.000000
7.757466 -93.423271 462.000000
8.521717 -93.423271 462.000000
9.285968 -93.423271 462.000000
10.028465 -93.221054 461.000000
10.791061 -93.221054 461.000000
11.553658 -93.221054 461.000000
12.316255 -93.221054 461.000000
13.107222 -93.423271 462.000000
13.871472 -93.423271 462.000000
14.635723 -93.423271 462.000000
15.399974 -93.423271 462.000000
16.164225 -93.423271 462.000000
16.965117 -93.625488 463.000000
17.731022 -93.625488 463.000000
18.496927 -93.625488 463.000000
19.304436 -93.827698 464.000000
20.115253 -94.029915 465.000000
20.884466 -94.029915 465.000000
21.653681 -94.029915 465.000000
22.471115 -94.232132 466.000000
23.241983 -94.232132 466.000000
40.186161 -135.888397 672.000000
41.297798 -135.888397 672.000000
42.409435 -135.888397 672.000000
43.585835 -136.090607 673.000000
44.699127 -136.090607 673.000000
45.812420 -136.090607 673.000000
46.925709 -136.090607 673.000000
48.039001 -136.090607 673.000000
49.152294 -136.090607 673.000000
-7.592721 -93.461205 466.000000
-6.807214 -93.260651 465.000000
-6.038001 -93.260651 465.000000
-5.268788 -93.260651 465.000000
-4.499574 -93.260651 465.000000
-3.730361 -93.260651 465.000000
-2.954779 -93.060089 464.000000
-2.187220 -93.060089 464.000000
-1.419661 -93.060089 464.000000
-0.652102 -93.060089 464.000000
0.115457 -93.060089 464.000000
0.883016 -93.060089 464.000000
1.647018 -92.859528 463.000000
2.412923 -92.859528 463.000000
3.178828 -92.859528 463.000000
3.944733 -92.859528 463.000000
4.710638 -92.859528 463.000000
5.464715 -92.658966 462.000000
6.228965 -92.658966 462.000000
6.993216 -92.658966 462.000000
7.757466 -92.658966 462.000000
8.521717 -92.658966 462.000000
9.285968 -92.658966 462.000000
10.028465 -92.458405 461.000000
10.791061 -92.458405 461.000000
11.553658 -92.458405 461.000000
12.316255 -92.458405 461.000000
13.107222 -92.658966 462.000000
13.871472 -92.658966 462.000000
14.635723 -92.658966 462.000000
15.399974 -92.658966 462.000000
16.164225 -92.658966 462.000000
16.965117 -92.859528 463.000000
17.769318 -93.060089 464.000000
18.536877 -93.060089 464.000000
19.304436 -93.060089 464.000000
20.115253 -93.260651 465.000000
20.884466 -93.260651 465.000000
21.653681 -93.260651 465.000000
22.471115 -93.461205 466.000000
23.241983 -93.461205 466.000000
40.186161 -134.776672 672.000000
41.297798 -134.776672 672.000000
42.409435 -134.776672 672.000000
43.585835 -134.977234 673.000000
44.699127 -134.977234 673.000000
45.812420 -134.977234 673.000000
46.925709 -134.977234 673.000000
48.039001 -134.977234 673.000000
49.152294 -134.977234 673.000000
-7.592721 -92.690285 466.000000
-6.821854 -92.690285 466.000000
-6.050986 -92.690285 466.000000
-5.268788 -92.491379 465.000000
-4.499574 -92.491379 465.000000
-3.730361 -92.491379 465.000000
-2.961148 -92.491379 465.000000
-2.187220 -92.292473 464.000000
-1.419661 -92.292473 464.000000
-0.652102 -92.292473 464.000000
0.115457 -92.292473 464.000000
0.883016 -92.292473 464.000000
1.647018 -92.093567 463.000000
2.412923 -92.093567 463.000000
3.178828 -92.093567 463.000000
3.944733 -92.093567 463.000000
4.710638 -92.093567 463.000000
5.464715 -91.894661 462.000000
6.228965 -91.894661 462.000000
6.993216 -91.894661 462.000000
7.757466 -91.894661 462.000000
8.521717 -91.894661 462.000000
9.285968 -91.894661 462.000000
10.028465 -91.695755 461.000000
10.791061 -91.695755 461.000000
11.553658 -91.695755 461.000000
12.316255 -91.695755 461.000000
13.107222 -91.894661 462.000000
13.871472 -91.894661 462.000000
14.635723 -91.894661 462.000000
15.399974 -91.894661 462.000000
16.164225 -91.894661 462.000000
16.965117 -92.093567 463.000000
17.769318 -92.292473 464.000000
18.536877 -92.292473 464.000000
19.304436 -92.292473 464.000000
20.115253 -92.491379 465.000000
20.884466 -92.491379 465.000000
21.653681 -92.491379 465.000000
22.471115 -92.690285 466.000000
23.241983 -92.690285 466.000000
40.186161 -133.664963 672.000000
41.297798 -133.664963 672.000000
42.409435 -133.664963 672.000000
43.585835 -133.863861 673.000000
44.699127 -133.863861 673.000000
45.744347 -133.664963 672.000000
46.855984 -133.664963 672.000000
47.967621 -133.664963 672.000000
49.079258 -133.664963 672.000000
-7.592721 -91.919365 466.000000
-6.821854 -91.919365 466.000000
-6.050986 -91.919365 466.000000
-5.280118 -91.919365 466.000000
-4.499574 -91.722107 465.000000
-3.730361 -91.722107 465.000000
-2.961148 -91.722107 465.000000
-2.191934 -91.722107 465.000000
-1.422721 -91.722107 465.000000
-0.652102 -91.524857 464.000000
0.115457 -91.524857 464.000000
0.883016 -91.524857 464.000000
1.647018 -91.327606 463.000000
2.412923 -91.327606 463.000000
3.178828 -91.327606 463.000000
3.944733 -91.327606 463.000000
4.710638 -91.327606 463.000000
5.464715 -91.130356 462.000000
6.228965 -91.130356 462.000000
6.993216 -91.130356 462.000000
7.757466 -91.130356 462.000000
8.521717 -91.130356 462.000000
9.285968 -91.130356 462.000000
10.050219 -91.130356 462.000000
10.814469 -91.130356 462.000000
11.578720 -91.130356 462.000000
12.342971 -91.130356 462.000000
13.107222 -91.130356 462.000000
13.871472 -91.130356 462.000000
14.635723 -91.130356 462.000000
15.399974 -91.130356 462.000000
16.164225 -91.130356 462.000000
16.965117 -91.327606 463.000000
17.769318 -91.524857 464.000000
18.536877 -91.524857 464.000000
19.304436 -91.524857 464.000000
20.115253 -91.722107 465.000000
20.884466 -91.722107 465.000000
21.653681 -91.722107 465.000000
22.422894 -91.722107 465.000000
23.192106 -91.722107 465.000000
39.016376 -132.355988 671.000000
40.126358 -132.355988 671.000000
41.236343 -132.355988 671.000000
42.346325 -132.355988 671.000000
43.456310 -132.355988 671.000000
44.566292 -132.355988 671.000000
45.676273 -132.355988 671.000000
46.786259 -132.355988 671.000000
47.896240 -132.355988 671.000000
49.006226 -132.355988 671.000000
-7.592721 -91.148438 466.000000
-6.821854 -91.148438 466.000000
-6.050986 -91.148438 466.000000
-5.280118 -91.148438 466.000000
-4.499574 -90.952843 465.000000
-3.730361 -90.952843 465.000000
-2.961148 -90.952843 465.000000
-2.191934 -90.952843 465.000000
-1.422721 -90.952843 465.000000
-0.652102 -90.757248 464.000000
0.115457 -90.757248 464.000000
0.883016 -90.757248 464.000000
1.647018 -90.561646 463.000000
2.412923 -90.561646 463.000000
3.178828 -90.561646 463.000000
3.944733 -90.561646 463.000000
4.710638 -90.561646 463.000000
5.464715 -90.366051 462.000000
6.228965 -90.366051 462.000000
6.993216 -90.366051 462.000000
7.757466 -90.366051 462.000000
8.521717 -90.366051 462.000000
9.285968 -90.366051 462.000000
10.050219 -90.366051 462.000000
10.814469 -90.366051 462.000000
11.578720 -90.366051 462.000000
12.342971 -90.366051 462.000000
13.107222 -90.366051 462.000000
13.871472 -90.366051 462.000000
14.635723 -90.366051 462.000000
15.399974 -90.366051 462.000000
16.164225 -90.366051 462.000000
16.965117 -90.561646 463.000000
17.769318 -90.757248 464.000000
18.536877 -90.757248 464.000000
19.304436 -90.757248 464.000000
20.115253 -90.952843 465.000000
20.884466 -90.952843 465.000000
21.653681 -90.952843 465.000000
22.422894 -90.952843 465.000000
23.192106 -90.952843 465.000000
39.016376 -131.245926 671.000000
40.126358 -131.245926 671.000000
41.236343 -131.245926 671.000000
42.346325 -131.245926 671.000000
43.456310 -131.245926 671.000000
44.566292 -131.245926 671.000000
45.676273 -131.245926 671.000000
46.786259 -131.245926 671.000000
47.896240 -131.245926 671.000000
49.006226 -131.245926 671.000000
-7.609015 -90.571457 467.000000
-6.821854 -90.377518 466.000000
-6.050986 -90.377518 466.000000
-5.280118 -90.377518 466.000000
-4.509251 -90.377518 466.000000
-3.738383 -90.377518 466.000000
-2.961148 -90.183571 465.000000
-2.191934 -90.183571 465.000000
-1.422721 -90.183571 465.000000
-0.652102 -89.989632 464.000000
0.115457 -89.989632 464.000000
0.883016 -89.989632 464.000000
1.650575 -89.989632 464.000000
2.418135 -89.989632 464.000000
3.178828 -89.795685 463.000000
3.944733 -89.795685 463.000000
4.710638 -89.795685 463.000000
5.476543 -89.795685 463.000000
6.228965 -89.601746 462.000000
6.993216 -89.601746 462.000000
7.757466 -89.601746 462.000000
8.521717 -89.601746 462.000000
9.285968 -89.601746 462.000000
10.050219 -89.601746 462.000000
10.814469 -89.601746 462.000000
11.578720 -89.601746 462.000000
12.342971 -89.601746 462.000000
13.107222 -89.601746 462.000000
13.871472 -89.601746 462.000000
14.635723 -89.601746 462.000000
15.399974 -89.601746 462.000000
16.164225 -89.601746 462.000000
16.965117 -89.795685 463.000000
17.731022 -89.795685 463.000000
18.496927 -89.795685 463.000000
19.304436 -89.989632 464.000000
20.071995 -89.989632 464.000000
20.839554 -89.989632 464.000000
21.653681 -90.183571 465.000000
22.422894 -90.183571 465.000000
23.192106 -90.183571 465.000000
38.958229 -129.941925 670.000000
40.066559 -129.941925 670.000000
41.174889 -129.941925 670.000000
42.283215 -129.941925 670.000000
43.391544 -129.941925 670.000000
44.566292 -130.135864 671.000000
45.608204 -129.941925 670.000000
46.716534 -129.941925 670.000000
47.896240 -130.135864 671.000000
49.006226 -130.135864 671.000000
-7.609015 -89.798882 467.000000
-6.836493 -89.798882 467.000000
-6.063971 -89.798882 467.000000
-5.280118 -89.606598 466.000000
-4.509251 -89.606598 466.000000
-3.738383 -89.606598 466.000000
-2.967516 -89.606598 466.000000
-2.191934 -89.414307 465.000000
-1.422721 -89.414307 465.000000
-0.653507 -89.414307 465.000000
0.115457 -89.222015 464.000000
0.883016 -89.222015 464.000000
1.650575 -89.222015 464.000000
2.418135 -89.222015 464.000000
3.178828 -89.029732 463.000000
3.944733 -89.029732 463.000000
4.710638 -89.029732 463.000000
5.476543 -89.029732 463.000000
6.242448 -89.029732 463.000000
7.008353 -89.029732 463.000000
7.757466 -88.837440 462.000000
8.521717 -88.837440 462.000000
9.285968 -88.837440 462.000000
10.050219 -88.837440 462.000000
10.814469 -88.837440 462.000000
11.578720 -88.837440 462.000000
12.342971 -88.837440 462.000000
13.107222 -88.837440 462.000000
13.871472 -88.837440 462.000000
14.635723 -88.837440 462.000000
15.433307 -89.029732 463.000000
16.199211 -89.029732 463.000000
16.965117 -89.029732 463.000000
17.731022 -89.029732 463.000000
18.496927 -89.029732 463.000000
19.304436 -89.222015 464.000000
20.071995 -89.222015 464.000000
20.839554 -89.222015 464.000000
21.653681 -89.414307 465.000000
22.422894 -89.414307 465.000000
23.192106 -89.414307 465.000000
38.958229 -128.833511 670.000000
39.946957 -128.448944 668.000000
41.051975 -128.448944 668.000000
42.156998 -128.448944 668.000000
43.326782 -128.641220 669.000000
44.433456 -128.641220 669.000000
45.540131 -128.641220 669.000000
46.646805 -128.641220 669.000000
47.753479 -128.641220 669.000000
48.860153 -128.641220 669.000000
-7.609015 -89.026306 467.000000
-6.836493 -89.026306 467.000000
-6.063971 -89.026306 467.000000
-5.280118 -88.835670 466.000000
-4.509251 -88.835670 466.000000
-3.738383 -88.835670 466.000000
-2.967516 -88.835670 466.000000
-2.191934 -88.645035 465.000000
-1.422721 -88.645035 465.000000
-0.653507 -88.645035 465.000000
0.115457 -88.454407 464.000000
0.883016 -88.454407 464.000000
1.650575 -88.454407 464.000000
2.418135 -88.454407 464.000000
3.178828 -88.263771 463.000000
3.944733 -88.263771 463.000000
4.710638 -88.263771 463.000000
5.476543 -88.263771 463.000000
6.242448 -88.263771 463.000000
7.008353 -88.263771 463.000000
7.757466 -88.073135 462.000000
8.521717 -88.073135 462.000000
9.285968 -88.073135 462.000000
10.050219 -88.073135 462.000000
10.814469 -88.073135 462.000000
11.578720 -88.073135 462.000000
12.342971 -88.073135 462.000000
13.107222 -88.073135 462.000000
13.871472 -88.073135 462.000000
14.635723 -88.073135 462.000000
15.433307 -88.263771 463.000000
16.199211 -88.263771 463.000000
16.965117 -88.263771 463.000000
17.731022 -88.263771 463.000000
18.496927 -88.263771 463.000000
19.304436 -88.454407 464.000000
20.071995 -88.454407 464.000000
20.839554 -88.454407 464.000000
21.653681 -88.645035 465.000000
22.422894 -88.645035 465.000000
23.192106 -88.645035 465.000000
39.946957 -127.343842 668.000000
41.051975 -127.343842 668.000000
42.156998 -127.343842 668.000000
43.326782 -127.534477 669.000000
44.433456 -127.534477 669.000000
45.540131 -127.534477 669.000000
46.646805 -127.534477 669.000000
47.753479 -127.534477 669.000000
48.860153 -127.534477 669.000000
-7.625308 -88.442711 468.000000
-6.851132 -88.442711 468.000000
-6.076956 -88.442711 468.000000
-5.291449 -88.253731 467.000000
-4.518927 -88.253731 467.000000
-3.746405 -88.253731 467.000000
-2.973884 -88.253731 467.000000
-2.196648 -88.064751 466.000000
-1.425780 -88.064751 466.000000
-0.654913 -88.064751 466.000000
0.115706 -87.875771 465.000000
0.884919 -87.875771 465.000000
1.654133 -87.875771 465.000000
2.423346 -87.875771 465.000000
3.185694 -87.686790 464.000000
3.953253 -87.686790 464.000000
4.720812 -87.686790 464.000000
5.476543 -87.497810 463.000000
6.242448 -87.497810 463.000000
7.008353 -87.497810 463.000000
7.774258 -87.497810 463.000000
8.540162 -87.497810 463.000000
9.306067 -87.497810 463.000000
10.050219 -87.308830 462.000000
10.814469 -87.308830 462.000000
11.578720 -87.308830 462.000000
12.342971 -87.308830 462.000000
13.107222 -87.308830 462.000000
13.871472 -87.308830 462.000000
14.667402 -87.497810 463.000000
15.433307 -87.497810 463.000000
16.199211 -87.497810 463.000000
16.965117 -87.497810 463.000000
17.769318 -87.686790 464.000000
18.536877 -87.686790 464.000000
19.304436 -87.686790 464.000000
20.071995 -87.686790 464.000000
20.839554 -87.686790 464.000000
21.653681 -87.875771 465.000000
22.422894 -87.875771 465.000000
23.192106 -87.875771 465.000000
39.946957 -126.238739 668.000000
41.051975 -126.238739 668.000000
42.156998 -126.238739 668.000000
43.262016 -126.238739 668.000000
44.367039 -126.238739 668.000000
45.472057 -126.238739 668.000000
46.577080 -126.238739 668.000000
47.682098 -126.238739 668.000000
48.787121 -126.238739 668.000000
-7.641602 -87.855804 469.000000
-6.865771 -87.855804 469.000000
-6.089941 -87.855804 469.000000
-5.302780 -87.668480 468.000000
-4.528604 -87.668480 468.000000
-3.754428 -87.668480 468.000000
-2.973884 -87.481155 467.000000
-2.201362 -87.481155 467.000000
-1.428840 -87.481155 467.000000
-0.656318 -87.481155 467.000000
0.115955 -87.293823 466.000000
0.886822 -87.293823 466.000000
1.654133 -87.106499 465.000000
2.423346 -87.106499 465.000000
3.192559 -87.106499 465.000000
3.961773 -87.106499 465.000000
4.730986 -87.106499 465.000000
5.488371 -86.919174 464.000000
6.255930 -86.919174 464.000000
7.023489 -86.919174 464.000000
7.774258 -86.731850 463.000000
8.540162 -86.731850 463.000000
9.306067 -86.731850 463.000000
10.071972 -86.731850 463.000000
10.837877 -86.731850 463.000000
11.603783 -86.731850 463.000000
12.369687 -86.731850 463.000000
13.135592 -86.731850 463.000000
13.901497 -86.731850 463.000000
14.667402 -86.731850 463.000000
15.433307 -86.731850 463.000000
16.199211 -86.731850 463.000000
16.965117 -86.731850 463.000000
17.769318 -86.919174 464.000000
18.536877 -86.919174 464.000000
19.304436 -86.919174 464.000000
20.115253 -87.106499 465.000000
20.884466 -87.106499 465.000000
21.653681 -87.106499 465.000000
22.422894 -87.106499 465.000000
23.192106 -87.106499 465.000000
42.156998 -125.133644 668.000000
43.197254 -124.946312 667.000000
44.300621 -124.946312 667.000000
45.403988 -124.946312 667.000000
46.577080 -125.133644 668.000000
47.682098 -125.133644 668.000000
48.787121 -125.133644 668.000000
-7.641602 -87.079918 469.000000
-6.865771 -87.079918 469.000000
-6.089941 -87.079918 469.000000
-5.302780 -86.894249 468.000000
-4.528604 -86.894249 468.000000
-3.754428 -86.894249 468.000000
-2.973884 -86.708572 467.000000
-2.201362 -86.708572 467.000000
-1.428840 -86.708572 467.000000
-0.656318 -86.708572 467.000000
0.115955 -86.522903 466.000000
0.886822 -86.522903 466.000000
1.654133 -86.337234 465.000000
2.423346 -86.337234 465.000000
3.192559 -86.337234 465.000000
3.961773 -86.337234 465.000000
4.730986 -86.337234 465.000000
5.488371 -86.151558 464.000000
6.255930 -86.151558 464.000000
7.023489 -86.151558 464.000000
7.774258 -85.965889 463.000000
8.540162 -85.965889 463.000000
9.306067 -85.965889 463.000000
10.071972 -85.965889 463.000000
10.837877 -85.965889 463.000000
11.603783 -85.965889 463.000000
12.369687 -85.965889 463.000000
13.135592 -85.965889 463.000000
13.901497 -85.965889 463.000000
14.667402 -85.965889 463.000000
15.433307 -85.965889 463.000000
16.199211 -85.965889 463.000000
16.965117 -85.965889 463.000000
17.769318 -86.151558 464.000000
18.536877 -86.151558 464.000000
19.304436 -86.151558 464.000000
20.115253 -86.337234 465.000000
20.884466 -86.337234 465.000000
21.653681 -86.337234 465.000000
22.422894 -86.337234 465.000000
23.192106 -86.337234 465.000000
43.197254 -123.842873 667.000000
44.300621 -123.842873 667.000000
45.403988 -123.842873 667.000000
46.577080 -124.028542 668.000000
47.682098 -124.028542 668.000000
48.787121 -124.028542 668.000000
-6.895050 -86.672066 471.000000
-6.115911 -86.672066 471.000000
-5.314111 -86.304031 469.000000
-4.528604 -86.120018 468.000000
-3.754428 -86.120018 468.000000
-2.980252 -86.120018 468.000000
-2.206076 -86.120018 468.000000
-1.431900 -86.120018 468.000000
-0.657724 -86.120018 468.000000
0.116204 -85.935997 467.000000
0.888725 -85.935997 467.000000
1.657690 -85.751984 466.000000
2.428558 -85.751984 466.000000
3.199425 -85.751984 466.000000
3.970293 -85.751984 466.000000
4.741160 -85.751984 466.000000
5.500200 -85.567963 465.000000
6.269413 -85.567963 465.000000
7.038626 -85.567963 465.000000
7.791049 -85.383949 464.000000
8.558608 -85.383949 464.000000
9.326167 -85.383949 464.000000
10.093726 -85.383949 464.000000
10.861285 -85.383949 464.000000
11.628844 -85.383949 464.000000
12.396403 -85.383949 464.000000
13.163962 -85.383949 464.000000
13.901497 -85.199928 463.000000
14.667402 -85.199928 463.000000
15.433307 -85.199928 463.000000
16.199211 -85.199928 463.000000
17.001759 -85.383949 464.000000
17.769318 -85.383949 464.000000
18.536877 -85.383949 464.000000
19.304436 -85.383949 464.000000
20.115253 -85.567963 465.000000
20.884466 -85.567963 465.000000
21.653681 -85.567963 465.000000
43.197254 -122.739426 667.000000
44.300621 -122.739426 667.000000
45.403988 -122.739426 667.000000
46.577080 -122.923439 668.000000
47.682098 -122.923439 668.000000
48.787121 -122.923439 668.000000
-6.895050 -85.892876 471.000000
-6.115911 -85.892876 471.000000
-5.325441 -85.710510 470.000000
-4.538280 -85.528145 469.000000
-3.762450 -85.528145 469.000000
-2.986620 -85.528145 469.000000
-2.210789 -85.528145 469.000000
-1.434959 -85.528145 469.000000
-0.659129 -85.528145 469.000000
0.116452 -85.345787 468.000000
0.890628 -85.345787 468.000000
1.664805 -85.345787 468.000000
2.438981 -85.345787 468.000000
3.206291 -85.163422 467.000000
3.978813 -85.163422 467.000000
4.751335 -85.163422 467.000000
5.512028 -84.981056 466.000000
6.282896 -84.981056 466.000000
7.053763 -84.981056 466.000000
7.807840 -84.798698 465.000000
8.577053 -84.798698 465.000000
9.346267 -84.798698 465.000000
10.093726 -84.616333 464.000000
10.861285 -84.616333 464.000000
11.628844 -84.616333 464.000000
12.396403 -84.616333 464.000000
13.163962 -84.616333 464.000000
13.931521 -84.616333 464.000000
14.699081 -84.616333 464.000000
15.466640 -84.616333 464.000000
16.234200 -84.616333 464.000000
17.001759 -84.616333 464.000000
17.807613 -84.798698 465.000000
18.576826 -84.798698 465.000000
19.346041 -84.798698 465.000000
20.158512 -84.981056 466.000000
20.929380 -84.981056 466.000000
21.700247 -84.981056 466.000000
43.197254 -121.635979 667.000000
44.300621 -121.635979 667.000000
45.403988 -121.635979 667.000000
46.577080 -121.818344 668.000000
47.682098 -121.818344 668.000000
48.787121 -121.818344 668.000000
-6.895050 -85.113678 471.000000
-6.115911 -85.113678 471.000000
-5.325441 -84.932968 470.000000
-4.538280 -84.752266 469.000000
-3.762450 -84.752266 469.000000
-2.986620 -84.752266 469.000000
-2.210789 -84.752266 469.000000
-1.434959 -84.752266 469.000000
-0.659129 -84.752266 469.000000
0.116452 -84.571556 468.000000
0.890628 -84.571556 468.000000
1.664805 -84.571556 468.000000
2.438981 -84.571556 468.000000
3.206291 -84.390846 467.000000
3.978813 -84.390846 467.000000
4.751335 -84.390846 467.000000
5.512028 -84.210136 466.000000
6.282896 -84.210136 466.000000
7.053763 -84.210136 466.000000
7.807840 -84.029427 465.000000
8.577053 -84.029427 465.000000
9.346267 -84.029427 465.000000
10.093726 -83.848717 464.000000
10.861285 -83.848717 464.000000
11.628844 -83.848717 464.000000
12.396403 -83.848717 464.000000
13.163962 -83.848717 464.000000
13.931521 -83.848717 464.000000
14.699081 -83.848717 464.000000
15.466640 -83.848717 464.000000
16.234200 -83.848717 464.000000
17.001759 -83.848717 464.000000
17.807613 -84.029427 465.000000
18.576826 -84.029427 465.000000
19.346041 -84.029427 465.000000
20.158512 -84.210136 466.000000
20.929380 -84.210136 466.000000
21.700247 -84.210136 466.000000
43.197254 -120.532532 667.000000
44.300621 -120.532532 667.000000
45.403988 -120.532532 667.000000
46.577080 -120.713242 668.000000
47.682098 -120.713242 668.000000
48.787121 -120.713242 668.000000
-5.336772 -84.334488 471.000000
-4.557633 -84.334488 471.000000
-3.778495 -84.334488 471.000000
-2.992988 -84.155434 470.000000
-2.215503 -84.155434 470.000000
-1.438019 -84.155434 470.000000
-0.659129 -83.976379 469.000000
0.116701 -83.976379 469.000000
0.892532 -83.976379 469.000000
1.668362 -83.976379 469.000000
2.438981 -83.797325 468.000000
3.213157 -83.797325 468.000000
3.987333 -83.797325 468.000000
4.761508 -83.797325 468.000000
5.523856 -83.618271 467.000000
6.296378 -83.618271 467.000000
7.068900 -83.618271 467.000000
7.824631 -83.439217 466.000000
8.595498 -83.439217 466.000000
9.366366 -83.439217 466.000000
10.137234 -83.439217 466.000000
10.908101 -83.439217 466.000000
11.678968 -83.439217 466.000000
12.423120 -83.260162 465.000000
13.192333 -83.260162 465.000000
13.991571 -83.439217 466.000000
14.730760 -83.260162 465.000000
15.499973 -83.260162 465.000000
16.269186 -83.260162 465.000000
17.038401 -83.260162 465.000000
17.845909 -83.439217 466.000000
18.616777 -83.439217 466.000000
19.387644 -83.439217 466.000000
20.201771 -83.618271 467.000000
20.974293 -83.618271 467.000000
43.197254 -119.429092 667.000000
44.300621 -119.429092 667.000000
45.403988 -119.429092 667.000000
46.577080 -119.608147 668.000000
47.682098 -119.608147 668.000000
48.787121 -119.608147 668.000000
-5.336772 -83.555290 471.000000
-4.557633 -83.555290 471.000000
-3.778495 -83.555290 471.000000
-2.992988 -83.377892 470.000000
-2.215503 -83.377892 470.000000
-1.444138 -83.732689 472.000000
-0.661940 -83.555290 471.000000
0.117199 -83.555290 471.000000
0.896338 -83.555290 471.000000
1.671919 -83.377892 470.000000
2.449404 -83.377892 470.000000
3.226888 -83.377892 470.000000
3.995852 -83.200493 469.000000
4.771683 -83.200493 469.000000
5.547513 -83.200493 469.000000
6.309861 -83.023094 468.000000
7.084037 -83.023094 468.000000
7.841422 -82.845688 467.000000
8.613944 -82.845688 467.000000
9.386465 -82.845688 467.000000
10.158987 -82.845688 467.000000
10.931509 -82.845688 467.000000
11.704031 -82.845688 467.000000
12.476553 -82.845688 467.000000
13.249075 -82.845688 467.000000
14.021596 -82.845688 467.000000
14.794118 -82.845688 467.000000
15.566640 -82.845688 467.000000
16.339161 -82.845688 467.000000
17.111683 -82.845688 467.000000
17.922501 -83.023094 468.000000
18.696678 -83.023094 468.000000
19.470854 -83.023094 468.000000
43.262016 -118.503044 668.000000
44.367039 -118.503044 668.000000
45.472057 -118.503044 668.000000
46.577080 -118.503044 668.000000
47.682098 -118.503044 668.000000
48.787121 -118.503044 668.000000
-5.348103 -82.951843 472.000000
-4.567310 -82.951843 472.000000
-3.786517 -82.951843 472.000000
-3.005724 -82.951843 472.000000
-2.224931 -82.951843 472.000000
-1.444138 -82.951843 472.000000
-0.661940 -82.776100 471.000000
0.117199 -82.776100 471.000000
0.896338 -82.776100 471.000000
1.671919 -82.600349 470.000000
2.449404 -82.600349 470.000000
3.226888 -82.600349 470.000000
3.995852 -82.424606 469.000000
4.771683 -82.424606 469.000000
5.547513 -82.424606 469.000000
6.309861 -82.248863 468.000000
7.084037 -82.248863 468.000000
7.841422 -82.073112 467.000000
8.613944 -82.073112 467.000000
9.386465 -82.073112 467.000000
10.158987 -82.073112 467.000000
10.931509 -82.073112 467.000000
11.704031 -82.073112 467.000000
12.476553 -82.073112 467.000000
13.249075 -82.073112 467.000000
14.021596 -82.073112 467.000000
14.794118 -82.073112 467.000000
15.566640 -82.073112 467.000000
16.339161 -82.073112 467.000000
17.111683 -82.073112 467.000000
17.922501 -82.248863 468.000000
18.696678 -82.248863 468.000000
19.470854 -82.248863 468.000000
43.262016 -117.397949 668.000000
44.367039 -117.397949 668.000000
45.472057 -117.397949 668.000000
46.646805 -117.573692 669.000000
47.753479 -117.573692 669.000000
48.860153 -117.573692 669.000000
-4.596339 -82.693268 475.000000
-3.810584 -82.693268 475.000000
-3.018460 -82.519173 474.000000
-2.234359 -82.519173 474.000000
-1.450257 -82.519173 474.000000
-0.664751 -82.345085 473.000000
0.117448 -82.170990 472.000000
0.898241 -82.170990 472.000000
1.675476 -81.996902 471.000000
2.454615 -81.996902 471.000000
3.233754 -81.996902 471.000000
4.004373 -81.822807 470.000000
4.781857 -81.822807 470.000000
5.559341 -81.822807 470.000000
6.323343 -81.648720 469.000000
7.099174 -81.648720 469.000000
7.875004 -81.648720 469.000000
8.632389 -81.474632 468.000000
9.406565 -81.474632 468.000000
10.180741 -81.474632 468.000000
10.954917 -81.474632 468.000000
11.729093 -81.474632 468.000000
12.503269 -81.474632 468.000000
13.277445 -81.474632 468.000000
14.081646 -81.648720 469.000000
14.857476 -81.648720 469.000000
15.633307 -81.648720 469.000000
16.409136 -81.648720 469.000000
17.184967 -81.648720 469.000000
18.113981 -82.345085 473.000000
39.946957 -116.292847 668.000000
41.051975 -116.292847 668.000000
42.156998 -116.292847 668.000000
43.262016 -116.292847 668.000000
44.367039 -116.292847 668.000000
45.472057 -116.292847 668.000000
46.646805 -116.466934 669.000000
47.753479 -116.466934 669.000000
48.860153 -116.466934 669.000000
-4.596339 -81.907455 475.000000
-3.810584 -81.907455 475.000000
-3.018460 -81.735016 474.000000
-2.234359 -81.735016 474.000000
-1.450257 -81.735016 474.000000
-0.664751 -81.562584 473.000000
0.117448 -81.390144 472.000000
0.898241 -81.390144 472.000000
1.675476 -81.217705 471.000000
2.454615 -81.217705 471.000000
3.233754 -81.217705 471.000000
4.012892 -81.217705 471.000000
4.802206 -81.390144 472.000000
5.582998 -81.390144 472.000000
6.336826 -81.045273 470.000000
7.114310 -81.045273 470.000000
7.875004 -80.872833 469.000000
8.650834 -80.872833 469.000000
9.426664 -80.872833 469.000000
10.202495 -80.872833 469.000000
10.978325 -80.872833 469.000000
11.779218 -81.045273 470.000000
12.556702 -81.045273 470.000000
13.334187 -81.045273 470.000000
14.141696 -81.217705 471.000000
14.920835 -81.217705 471.000000
15.699973 -81.217705 471.000000
16.514099 -81.390144 472.000000
17.294891 -81.390144 472.000000
18.113981 -81.562584 473.000000
39.946957 -115.187744 668.000000
41.051975 -115.187744 668.000000
42.156998 -115.187744 668.000000
43.262016 -115.187744 668.000000
44.433456 -115.360184 669.000000
45.540131 -115.360184 669.000000
46.646805 -115.360184 669.000000
47.753479 -115.360184 669.000000
48.933189 -115.532623 670.000000
-3.850695 -81.975555 480.000000
-3.056669 -81.975555 480.000000
-2.257928 -81.804771 479.000000
-1.465555 -81.804771 479.000000
-0.670372 -81.463211 477.000000
0.118194 -81.121643 475.000000
0.903950 -81.121643 475.000000
1.686148 -80.950859 474.000000
2.465038 -80.780075 473.000000
3.247485 -80.780075 473.000000
4.021412 -80.609299 472.000000
4.802206 -80.609299 472.000000
5.582998 -80.609299 472.000000
6.336826 -80.267731 470.000000
7.114310 -80.267731 470.000000
7.875004 -80.096947 469.000000
8.650834 -80.096947 469.000000
9.426664 -80.096947 469.000000
10.202495 -80.096947 469.000000
10.978325 -80.096947 469.000000
11.779218 -80.267731 470.000000
12.556702 -80.267731 470.000000
13.334187 -80.267731 470.000000
14.141696 -80.438515 471.000000
14.920835 -80.438515 471.000000
15.699973 -80.438515 471.000000
16.514099 -80.609299 472.000000
17.294891 -80.609299 472.000000
18.113981 -80.780075 473.000000
20.053314 -82.317123 482.000000
20.850651 -82.317123 482.000000
32.211811 -114.082649 668.000000
33.316833 -114.082649 668.000000
34.421852 -114.082649 668.000000
35.526875 -114.082649 668.000000
36.631893 -114.082649 668.000000
37.736916 -114.082649 668.000000
38.841934 -114.082649 668.000000
39.946957 -114.082649 668.000000
41.051975 -114.082649 668.000000
42.156998 -114.082649 668.000000
43.262016 -114.082649 668.000000
44.433456 -114.253433 669.000000
45.540131 -114.253433 669.000000
46.646805 -114.253433 669.000000
47.753479 -114.253433 669.000000
48.933189 -114.424210 670.000000
-2.281497 -81.857986 484.000000
-1.474734 -81.519730 482.000000
-0.677399 -81.519730 482.000000
0.119438 -81.181473 480.000000
0.913465 -81.181473 480.000000
1.703935 -81.012344 479.000000
2.496307 -81.012344 479.000000
3.288680 -81.012344 479.000000
4.072532 -80.843216 478.000000
4.853076 -80.674088 477.000000
5.642140 -80.674088 477.000000
6.417722 -80.504959 476.000000
7.189995 -80.335831 475.000000
7.975750 -80.335831 475.000000
8.761506 -80.335831 475.000000
9.547261 -80.335831 475.000000
10.333017 -80.335831 475.000000
11.118773 -80.335831 475.000000
11.929590 -80.504959 476.000000
12.717000 -80.504959 476.000000
13.532781 -80.674088 477.000000
14.321845 -80.674088 477.000000
15.110909 -80.674088 477.000000
15.933306 -80.843216 478.000000
16.724024 -80.843216 478.000000
17.514742 -80.843216 478.000000
18.573532 -82.027115 485.000000
19.415781 -82.196243 486.000000
20.053314 -81.519730 482.000000
20.850651 -81.519730 482.000000
30.136511 -113.484932 671.000000
31.246494 -113.484932 671.000000
32.211811 -112.977547 668.000000
33.316833 -112.977547 668.000000
34.421852 -112.977547 668.000000
35.526875 -112.977547 668.000000
36.631893 -112.977547 668.000000
37.736916 -112.977547 668.000000
38.841934 -112.977547 668.000000
39.946957 -112.977547 668.000000
41.051975 -112.977547 668.000000
42.156998 -112.977547 668.000000
43.326782 -113.146675 669.000000
44.499874 -113.315804 670.000000
45.608204 -113.315804 670.000000
46.786259 -113.484932 671.000000
47.896240 -113.484932 671.000000
49.006226 -113.484932 671.000000
-6.414565 -82.732018 494.000000
-5.597379 -82.732018 494.000000
-2.281497 -81.057281 484.000000
-1.474734 -80.722336 482.000000
-0.677399 -80.722336 482.000000
0.119438 -80.387390 480.000000
0.913465 -80.387390 480.000000
1.703935 -80.219917 479.000000
2.496307 -80.219917 479.000000
3.288680 -80.219917 479.000000
4.072532 -80.052444 478.000000
4.853076 -79.884964 477.000000
5.642140 -79.884964 477.000000
6.417722 -79.717491 476.000000
7.189995 -79.550018 475.000000
7.975750 -79.550018 475.000000
8.761506 -79.550018 475.000000
9.647758 -80.387390 480.000000
10.463539 -80.554863 481.000000
11.259220 -80.554863 481.000000
12.054901 -80.554863 481.000000
12.877298 -80.722336 482.000000
13.674634 -80.722336 482.000000
14.471969 -80.722336 482.000000
15.300983 -80.889809 483.000000
16.099972 -80.889809 483.000000
16.933949 -81.057281 484.000000
17.771235 -81.224754 485.000000
18.573532 -81.224754 485.000000
19.415781 -81.392235 486.000000
20.302940 -81.727180 488.000000
21.110201 -81.727180 488.000000
30.136511 -112.374870 671.000000
31.246494 -112.374870 671.000000
32.356476 -112.374870 671.000000
33.366711 -112.039925 669.000000
34.473385 -112.039925 669.000000
35.526875 -111.872452 668.000000
36.631893 -111.872452 668.000000
37.736916 -111.872452 668.000000
38.841934 -111.872452 668.000000
39.946957 -111.872452 668.000000
41.113434 -112.039925 669.000000
42.220108 -112.039925 669.000000
43.391544 -112.207397 670.000000
44.566292 -112.374870 671.000000
45.676273 -112.374870 671.000000
46.786259 -112.374870 671.000000
47.896240 -112.374870 671.000000
49.006226 -112.374870 671.000000
-12.626155 -85.231163 514.000000
-11.775885 -85.231163 514.000000
-9.996937 -84.567886 510.000000
-9.153284 -84.567886 510.000000
-8.244457 -83.904610 506.000000
-7.407420 -83.904610 506.000000
-6.414565 -81.914780 494.000000
-5.597379 -81.914780 494.000000
-4.809222 -82.412231 497.000000
-3.987074 -82.412231 497.000000
-2.300352 -80.919861 488.000000
-1.486973 -80.588219 486.000000
-0.683021 -80.588219 486.000000
0.120683 -80.422401 485.000000
0.921077 -80.256584 484.000000
1.721721 -80.256584 484.000000
2.522365 -80.256584 484.000000
3.323008 -80.256584 484.000000
4.115132 -80.090767 483.000000
4.903947 -79.924942 482.000000
5.701282 -79.924942 482.000000
6.498617 -79.924942 482.000000
7.280816 -79.759125 481.000000
8.076496 -79.759125 481.000000
8.853732 -79.593307 480.000000
9.647758 -79.593307 480.000000
10.463539 -79.759125 481.000000
11.259220 -79.759125 481.000000
12.054901 -79.759125 481.000000
12.877298 -79.924942 482.000000
13.674634 -79.924942 482.000000
14.471969 -79.924942 482.000000
15.300983 -80.090767 483.000000
16.099972 -80.090767 483.000000
16.933949 -80.256584 484.000000
17.771235 -80.422401 485.000000
18.573532 -80.422401 485.000000
19.415781 -80.588219 486.000000
20.302940 -80.919861 488.000000
21.110201 -80.919861 488.000000
30.136511 -111.264809 671.000000
31.246494 -111.264809 671.000000
32.356476 -111.264809 671.000000
33.366711 -110.933167 669.000000
34.473385 -110.933167 669.000000
35.526875 -110.767349 668.000000
36.631893 -110.767349 668.000000
37.736916 -110.767349 668.000000
38.841934 -110.767349 668.000000
39.946957 -110.767349 668.000000
41.113434 -110.933167 669.000000
42.220108 -110.933167 669.000000
43.391544 -111.098991 670.000000
44.566292 -111.264809 671.000000
45.676273 -111.264809 671.000000
46.786259 -111.264809 671.000000
47.896240 -111.264809 671.000000
49.006226 -111.264809 671.000000
-12.626155 -84.380836 514.000000
-11.775885 -84.380836 514.000000
-9.996937 -83.724174 510.000000
-9.153284 -83.724174 510.000000
-8.244457 -83.067513 506.000000
-7.407420 -83.067513 506.000000
-6.505459 -82.246689 501.000000
-5.631371 -81.590027 497.000000
-4.809222 -81.590027 497.000000
-3.987074 -81.590027 497.000000
0.121927 -80.440872 490.000000
0.930593 -80.276711 489.000000
1.739507 -80.276711 489.000000
2.548422 -80.276711 489.000000
3.350471 -80.112541 488.000000
4.157732 -80.112541 488.000000
4.964992 -80.112541 488.000000
5.760424 -79.948380 487.000000
6.566031 -79.948380 487.000000
7.371636 -79.948380 487.000000
8.177243 -79.948380 487.000000
8.982849 -79.948380 487.000000
9.788455 -79.948380 487.000000
10.594062 -79.948380 487.000000
11.399668 -79.948380 487.000000
12.205275 -79.948380 487.000000
13.037597 -80.112541 488.000000
13.844857 -80.112541 488.000000
14.652118 -80.112541 488.000000
15.459378 -80.112541 488.000000
16.266638 -80.112541 488.000000
17.143875 -80.440872 490.000000
17.954443 -80.440872 490.000000
18.765013 -80.440872 490.000000
30.181423 -110.318909 672.000000
31.293060 -110.318909 672.000000
32.356476 -110.154747 671.000000
33.416584 -109.990578 670.000000
34.524914 -109.990578 670.000000
35.580059 -109.826416 669.000000
36.631893 -109.662254 668.000000
37.736916 -109.662254 668.000000
38.841934 -109.662254 668.000000
39.946957 -109.662254 668.000000
41.113434 -109.826416 669.000000
42.220108 -109.826416 669.000000
43.456310 -110.154747 671.000000
44.566292 -110.154747 671.000000
45.676273 -110.154747 671.000000
46.855984 -110.318909 672.000000
47.967621 -110.318909 672.000000
49.079258 -110.318909 672.000000
-14.410315 -84.018036 517.000000
-13.555081 -84.018036 517.000000
-12.626155 -83.530502 514.000000
-11.775885 -83.530502 514.000000
-10.946871 -83.693016 515.000000
-9.996937 -82.880463 510.000000
-9.153284 -82.880463 510.000000
-8.244457 -82.230415 506.000000
-7.407420 -82.230415 506.000000
-6.505459 -81.417862 501.000000
-5.631371 -80.767822 497.000000
-4.809222 -80.767822 497.000000
-3.987074 -80.767822 497.000000
-3.184030 -81.255356 500.000000
-2.356918 -81.255356 500.000000
-1.523688 -80.930328 498.000000
-0.698480 -80.767822 497.000000
0.121927 -79.630249 490.000000
0.930593 -79.467735 489.000000
1.739507 -79.467735 489.000000
2.548422 -79.467735 489.000000
3.350471 -79.305222 488.000000
4.157732 -79.305222 488.000000
4.964992 -79.305222 488.000000
5.760424 -79.142715 487.000000
6.566031 -79.142715 487.000000
7.371636 -79.142715 487.000000
8.177243 -79.142715 487.000000
8.982849 -79.142715 487.000000
9.788455 -79.142715 487.000000
10.594062 -79.142715 487.000000
11.399668 -79.142715 487.000000
12.205275 -79.142715 487.000000
13.037597 -79.305222 488.000000
13.844857 -79.305222 488.000000
14.652118 -79.305222 488.000000
16.499971 -80.442802 495.000000
17.318811 -80.442802 495.000000
18.137651 -80.442802 495.000000
18.956491 -80.442802 495.000000
30.181423 -109.207191 672.000000
31.293060 -109.207191 672.000000
32.356476 -109.044685 671.000000
33.416584 -108.882172 670.000000
34.524914 -108.882172 670.000000
35.580059 -108.719666 669.000000
36.631893 -108.557152 668.000000
37.736916 -108.557152 668.000000
38.841934 -108.557152 668.000000
40.006756 -108.719666 669.000000
41.174889 -108.882172 670.000000
42.283215 -108.882172 670.000000
43.456310 -109.044685 671.000000
44.632710 -109.207191 672.000000
45.744347 -109.207191 672.000000
46.925709 -109.369705 673.000000
48.039001 -109.369705 673.000000
49.152294 -109.369705 673.000000
-14.410315 -83.162743 517.000000
-13.555081 -83.162743 517.000000
-12.675284 -83.001884 516.000000
-11.798796 -82.841026 515.000000
-10.946871 -82.841026 515.000000
-10.075344 -82.680168 514.000000
-9.225074 -82.680168 514.000000
-8.325924 -82.197601 511.000000
-7.422060 -81.554176 507.000000
-6.583369 -81.554176 507.000000
-5.710686 -81.071609 504.000000
-4.876958 -81.071609 504.000000
-4.027185 -80.749893 502.000000
-3.184030 -80.428185 500.000000
-2.356918 -80.428185 500.000000
-1.523688 -80.106468 498.000000
-0.698480 -79.945610 497.000000
0.123669 -79.945610 497.000000
0.942011 -79.623901 495.000000
1.760851 -79.623901 495.000000
2.579691 -79.623901 495.000000
3.446591 -80.749893 502.000000
4.268491 -80.589043 501.000000
5.097256 -80.589043 501.000000
5.914193 -80.428185 500.000000
6.741304 -80.428185 500.000000
7.553278 -80.267326 499.000000
8.378736 -80.267326 499.000000
9.222638 -80.428185 500.000000
10.049748 -80.428185 500.000000
10.876860 -80.428185 500.000000
11.703971 -80.428185 500.000000
12.531082 -80.428185 500.000000
13.358193 -80.428185 500.000000
14.185305 -80.428185 500.000000
15.012416 -80.428185 500.000000
15.839527 -80.428185 500.000000
16.499971 -79.623901 495.000000
17.318811 -79.623901 495.000000
18.137651 -79.623901 495.000000
18.956491 -79.623901 495.000000
30.181423 -108.095474 672.000000
31.293060 -108.095474 672.000000
32.356476 -107.934624 671.000000
33.416584 -107.773766 670.000000
34.524914 -107.773766 670.000000
35.580059 -107.612907 669.000000
36.631893 -107.452049 668.000000
37.736916 -107.452049 668.000000
38.841934 -107.452049 668.000000
40.006756 -107.612907 669.000000
41.174889 -107.773766 670.000000
42.283215 -107.773766 670.000000
43.456310 -107.934624 671.000000
44.566292 -107.934624 671.000000
45.744347 -108.095474 672.000000
46.925709 -108.256332 673.000000
48.039001 -108.256332 673.000000
49.152294 -108.256332 673.000000
-14.438188 -82.466652 518.000000
-13.581301 -82.466652 518.000000
-12.699849 -82.307449 517.000000
-11.844616 -82.307449 517.000000
-10.989383 -82.307449 517.000000
-10.134151 -82.307449 517.000000
-9.278917 -82.307449 517.000000
-8.374804 -81.829842 514.000000
-7.495255 -81.511436 512.000000
-6.648293 -81.511436 512.000000
-5.767340 -81.033829 509.000000
-4.925341 -81.033829 509.000000
-3.222238 -80.556221 506.000000
-2.385201 -80.556221 506.000000
-1.545105 -80.397026 505.000000
-0.708318 -80.237823 504.000000
0.125410 -80.237823 504.000000
0.957235 -80.078621 503.000000
1.785752 -79.919418 502.000000
2.616171 -79.919418 502.000000
3.446591 -79.919418 502.000000
4.268491 -79.760216 501.000000
5.097256 -79.760216 501.000000
5.914193 -79.601013 500.000000
6.741304 -79.601013 500.000000
7.553278 -79.441811 499.000000
8.378736 -79.441811 499.000000
9.222638 -79.601013 500.000000
10.049748 -79.601013 500.000000
10.876860 -79.601013 500.000000
11.703971 -79.601013 500.000000
12.531082 -79.601013 500.000000
13.358193 -79.601013 500.000000
14.185305 -79.601013 500.000000
15.012416 -79.601013 500.000000
15.839527 -79.601013 500.000000
16.699972 -79.760216 501.000000
17.528736 -79.760216 501.000000
18.357502 -79.760216 501.000000
30.181423 -106.983765 672.000000
31.293060 -106.983765 672.000000
32.356476 -106.824562 671.000000
33.416584 -106.665359 670.000000
34.524914 -106.665359 670.000000
35.580059 -106.506157 669.000000
36.631893 -106.346954 668.000000
37.736916 -106.346954 668.000000
38.841934 -106.346954 668.000000
40.006756 -106.506157 669.000000
41.174889 -106.665359 670.000000
42.283215 -106.665359 670.000000
43.456310 -106.824562 671.000000
44.566292 -106.824562 671.000000
45.744347 -106.983765 672.000000
46.925709 -107.142960 673.000000
48.039001 -107.142960 673.000000
49.152294 -107.142960 673.000000
-15.413183 -82.239891 522.000000
-14.438188 -81.609703 518.000000
-13.581301 -81.609703 518.000000
-12.699849 -81.452156 517.000000
-11.844616 -81.452156 517.000000
-10.989383 -81.452156 517.000000
-10.134151 -81.452156 517.000000
-9.278917 -81.452156 517.000000
-8.374804 -80.979507 514.000000
-7.495255 -80.664413 512.000000
-6.648293 -80.664413 512.000000
-5.767340 -80.191772 509.000000
-4.925341 -80.191772 509.000000
-3.222238 -79.719131 506.000000
-2.385201 -79.719131 506.000000
-1.545105 -79.561584 505.000000
-0.708318 -79.404030 504.000000
0.125410 -79.404030 504.000000
0.957235 -79.246483 503.000000
1.785752 -79.088936 502.000000
2.616171 -79.088936 502.000000
3.446591 -79.088936 502.000000
4.268491 -78.931389 501.000000
5.097256 -78.931389 501.000000
5.914193 -78.773842 500.000000
6.741304 -78.773842 500.000000
7.553278 -78.616295 499.000000
8.378736 -78.616295 499.000000
9.222638 -78.773842 500.000000
10.049748 -78.773842 500.000000
10.876860 -78.773842 500.000000
11.703971 -78.773842 500.000000
12.531082 -78.773842 500.000000
13.358193 -78.773842 500.000000
14.185305 -78.773842 500.000000
15.012416 -78.773842 500.000000
15.839527 -78.773842 500.000000
16.699972 -78.931389 501.000000
17.528736 -78.931389 501.000000
18.357502 -78.931389 501.000000
30.181423 -105.872047 672.000000
31.293060 -105.872047 672.000000
32.356476 -105.714493 671.000000
33.416584 -105.556946 670.000000
34.524914 -105.556946 670.000000
35.580059 -105.399399 669.000000
36.686733 -105.399399 669.000000
37.793407 -105.399399 669.000000
38.900082 -105.399399 669.000000
40.006756 -105.399399 669.000000
41.174889 -105.556946 670.000000
42.283215 -105.556946 670.000000
43.456310 -105.714493 671.000000
44.566292 -105.714493 671.000000
45.744347 -105.872047 672.000000
46.925709 -106.029594 673.000000
48.039001 -106.029594 673.000000
49.152294 -106.029594 673.000000
-15.413183 -81.376328 522.000000
-14.493934 -81.064537 520.000000
-13.633738 -81.064537 520.000000
-12.748978 -80.908646 519.000000
-11.890436 -80.908646 519.000000
-10.173354 -80.908646 519.000000
-9.314813 -80.908646 519.000000
-8.423684 -80.596863 517.000000
-7.553812 -80.440964 516.000000
-6.700233 -80.440964 516.000000
-5.823993 -80.129181 514.000000
-4.973723 -80.129181 514.000000
-4.147520 -80.596863 517.000000
-3.292287 -80.596863 517.000000
-2.437054 -80.596863 517.000000
-1.581821 -80.596863 517.000000
-0.718155 -79.661499 511.000000
0.127152 -79.661499 511.000000
0.970557 -79.505608 510.000000
1.810653 -79.349716 509.000000
2.652652 -79.349716 509.000000
3.487785 -79.193817 508.000000
4.319611 -79.037926 507.000000
5.158301 -79.037926 507.000000
5.996992 -79.037926 507.000000
6.822200 -78.882034 506.000000
7.659236 -78.882034 506.000000
8.496273 -78.882034 506.000000
9.333309 -78.882034 506.000000
10.170346 -78.882034 506.000000
11.007382 -78.882034 506.000000
11.844419 -78.882034 506.000000
12.681456 -78.882034 506.000000
13.518492 -78.882034 506.000000
14.355528 -78.882034 506.000000
15.162539 -78.726143 505.000000
15.997922 -78.726143 505.000000
16.866638 -78.882034 506.000000
17.703674 -78.882034 506.000000
18.577353 -79.037926 507.000000
30.181423 -104.760330 672.000000
31.293060 -104.760330 672.000000
32.356476 -104.604431 671.000000
33.416584 -104.448540 670.000000
34.524914 -104.448540 670.000000
35.580059 -104.292648 669.000000
36.686733 -104.292648 669.000000
37.793407 -104.292648 669.000000
38.900082 -104.292648 669.000000
40.006756 -104.292648 669.000000
41.174889 -104.448540 670.000000
42.283215 -104.448540 670.000000
43.456310 -104.604431 671.000000
44.566292 -104.604431 671.000000
45.744347 -104.760330 672.000000
46.855984 -104.760330 672.000000
47.967621 -104.760330 672.000000
49.152294 -104.916222 673.000000
-15.413183 -80.512764 522.000000
-14.521807 -80.358521 521.000000
-13.659957 -80.358521 521.000000
-12.798107 -80.358521 521.000000
-11.936257 -80.358521 521.000000
-10.173354 -80.050041 519.000000
-9.314813 -80.050041 519.000000
-8.456271 -80.050041 519.000000
-7.583090 -79.895805 518.000000
-6.726203 -79.895805 518.000000
-5.869316 -79.895805 518.000000
-5.002752 -79.741562 517.000000
-4.147520 -79.741562 517.000000
-3.292287 -79.741562 517.000000
-2.437054 -79.741562 517.000000
-1.581821 -79.741562 517.000000
-0.726588 -79.741562 517.000000
0.128645 -79.741562 517.000000
0.983878 -79.741562 517.000000
1.835554 -79.587326 516.000000
2.683921 -79.433090 515.000000
3.535846 -79.433090 515.000000
4.379250 -79.278847 514.000000
5.229520 -79.278847 514.000000
6.079791 -79.278847 514.000000
6.916578 -79.124611 513.000000
7.765194 -79.124611 513.000000
8.613811 -79.124611 513.000000
9.443981 -78.970367 512.000000
10.290943 -78.970367 512.000000
11.137904 -78.970367 512.000000
11.984866 -78.970367 512.000000
12.831828 -78.970367 512.000000
13.678790 -78.970367 512.000000
14.525752 -78.970367 512.000000
15.372714 -78.970367 512.000000
16.219675 -78.970367 512.000000
17.099970 -79.124611 513.000000
30.226336 -103.802849 673.000000
31.339628 -103.802849 673.000000
32.356476 -103.494370 671.000000
33.466461 -103.494370 671.000000
35.580059 -103.185898 669.000000
36.686733 -103.185898 669.000000
37.793407 -103.185898 669.000000
38.900082 -103.185898 669.000000
40.006756 -103.185898 669.000000
41.174889 -103.340134 670.000000
42.283215 -103.340134 670.000000
43.456310 -103.494370 671.000000
44.566292 -103.494370 671.000000
45.676273 -103.494370 671.000000
46.855984 -103.648613 672.000000
47.967621 -103.648613 672.000000
49.152294 -103.802849 673.000000
-17.238699 -80.106949 525.000000
-16.370232 -80.106949 525.000000
-15.472238 -79.954361 524.000000
-14.521807 -79.496613 521.000000
-13.659957 -79.496613 521.000000
-12.798107 -79.496613 521.000000
-11.936257 -79.496613 521.000000
-11.074408 -79.496613 521.000000
-10.173354 -79.191444 519.000000
-9.314813 -79.191444 519.000000
-8.456271 -79.191444 519.000000
-7.583090 -79.038857 518.000000
-6.726203 -79.038857 518.000000
-5.869316 -79.038857 518.000000
-5.002752 -78.886269 517.000000
-4.147520 -78.886269 517.000000
-3.292287 -78.886269 517.000000
-2.437054 -78.886269 517.000000
-1.581821 -78.886269 517.000000
-0.726588 -78.886269 517.000000
0.128645 -78.886269 517.000000
0.983878 -78.886269 517.000000
1.835554 -78.733688 516.000000
2.683921 -78.581100 515.000000
3.535846 -78.581100 515.000000
4.379250 -78.428520 514.000000
5.229520 -78.428520 514.000000
6.079791 -78.428520 514.000000
6.916578 -78.275932 513.000000
7.765194 -78.275932 513.000000
8.613811 -78.275932 513.000000
9.443981 -78.123344 512.000000
10.290943 -78.123344 512.000000
11.137904 -78.123344 512.000000
11.984866 -78.123344 512.000000
12.831828 -78.123344 512.000000
13.678790 -78.123344 512.000000
14.525752 -78.123344 512.000000
15.372714 -78.123344 512.000000
16.219675 -78.123344 512.000000
17.099970 -78.275932 513.000000
38.958229 -102.231728 670.000000
40.066559 -102.231728 670.000000
41.174889 -102.231728 670.000000
42.283215 -102.231728 670.000000
43.456310 -102.384308 671.000000
44.566292 -102.384308 671.000000
45.676273 -102.384308 671.000000
46.855984 -102.536896 672.000000
47.967621 -102.536896 672.000000
49.152294 -102.689476 673.000000
-17.238699 -79.238419 525.000000
-16.370232 -79.238419 525.000000
-15.472238 -79.087486 524.000000
-14.577553 -78.936562 523.000000
-13.712394 -78.936562 523.000000
-12.822671 -78.785629 522.000000
-11.936257 -78.634697 521.000000
-11.074408 -78.634697 521.000000
-10.192956 -78.483772 520.000000
-9.332760 -78.483772 520.000000
-8.472565 -78.483772 520.000000
-7.612369 -78.483772 520.000000
-6.752173 -78.483772 520.000000
-5.891978 -78.483772 520.000000
-5.031782 -78.483772 520.000000
-4.171587 -78.483772 520.000000
-3.311391 -78.483772 520.000000
-2.451195 -78.483772 520.000000
-1.597119 -78.785629 522.000000
-0.733615 -78.785629 522.000000
0.129889 -78.785629 522.000000
0.993393 -78.785629 522.000000
1.856897 -78.785629 522.000000
2.715190 -78.634697 521.000000
3.577040 -78.634697 521.000000
4.438890 -78.634697 521.000000
5.290565 -78.483772 520.000000
6.150761 -78.483772 520.000000
7.010956 -78.483772 520.000000
7.871152 -78.483772 520.000000
8.731348 -78.483772 520.000000
9.573098 -78.332840 519.000000
10.431640 -78.332840 519.000000
11.268427 -78.181908 518.000000
12.125314 -78.181908 518.000000
12.982202 -78.181908 518.000000
13.812372 -78.030975 517.000000
14.667605 -78.030975 517.000000
15.522838 -78.030975 517.000000
16.378071 -78.030975 517.000000
17.233303 -78.030975 517.000000
19.053696 -78.483772 520.000000
19.913891 -78.483772 520.000000
38.900082 -100.972389 669.000000
40.006756 -100.972389 669.000000
41.113434 -100.972389 669.000000
42.283215 -101.123314 670.000000
43.391544 -101.123314 670.000000
44.499874 -101.123314 670.000000
45.676273 -101.274246 671.000000
46.786259 -101.274246 671.000000
47.896240 -101.274246 671.000000
49.079258 -101.425179 672.000000
-17.238699 -78.369888 525.000000
-16.370232 -78.369888 525.000000
-15.472238 -78.220619 524.000000
-14.577553 -78.071342 523.000000
-13.712394 -78.071342 523.000000
-12.822671 -77.922066 522.000000
-11.936257 -77.772789 521.000000
-11.074408 -77.772789 521.000000
-10.192956 -77.623512 520.000000
-9.332760 -77.623512 520.000000
-8.472565 -77.623512 520.000000
-7.612369 -77.623512 520.000000
-6.778143 -77.922066 522.000000
-5.903308 -77.772789 521.000000
-5.041459 -77.772789 521.000000
-4.179609 -77.772789 521.000000
-3.317759 -77.772789 521.000000
-2.455909 -77.772789 521.000000
-1.597119 -77.922066 522.000000
-0.733615 -77.922066 522.000000
0.130138 -78.071342 523.000000
0.995296 -78.071342 523.000000
1.860455 -78.071342 523.000000
2.720401 -77.922066 522.000000
3.583905 -77.922066 522.000000
4.447410 -77.922066 522.000000
5.300739 -77.772789 521.000000
6.162589 -77.772789 521.000000
7.010956 -77.623512 520.000000
7.871152 -77.623512 520.000000
8.731348 -77.623512 520.000000
9.591543 -77.623512 520.000000
10.451738 -77.623512 520.000000
11.290180 -77.474236 519.000000
12.148722 -77.474236 519.000000
13.007263 -77.474236 519.000000
13.839088 -77.324959 518.000000
14.695975 -77.324959 518.000000
15.552863 -77.324959 518.000000
16.409750 -77.324959 518.000000
17.299971 -77.474236 519.000000
19.053696 -77.623512 520.000000
19.913891 -77.623512 520.000000
38.841934 -99.716354 668.000000
39.946957 -99.716354 668.000000
41.051975 -99.716354 668.000000
42.220108 -99.865631 669.000000
43.326782 -99.865631 669.000000
44.433456 -99.865631 669.000000
45.608204 -100.014908 670.000000
46.786259 -100.164185 671.000000
47.896240 -100.164185 671.000000
49.006226 -100.164185 671.000000
-19.011776 -77.648987 526.000000
-18.141655 -77.648987 526.000000
-17.271534 -77.648987 526.000000
-16.401413 -77.648987 526.000000
-15.501765 -77.501366 525.000000
-14.605426 -77.353745 524.000000
-13.738613 -77.353745 524.000000
-12.847236 -77.206123 523.000000
-11.959167 -77.058495 522.000000
-11.095663 -77.058495 522.000000
-10.232160 -77.058495 522.000000
-9.350708 -76.910873 521.000000
-8.488858 -76.910873 521.000000
-7.627008 -76.910873 521.000000
-6.778143 -77.058495 522.000000
-5.903308 -76.910873 521.000000
-5.041459 -76.910873 521.000000
-4.179609 -76.910873 521.000000
-3.317759 -76.910873 521.000000
-2.455909 -76.910873 521.000000
-1.597119 -77.058495 522.000000
-0.733615 -77.058495 522.000000
0.130138 -77.206123 523.000000
0.995296 -77.206123 523.000000
1.860455 -77.206123 523.000000
2.720401 -77.058495 522.000000
3.583905 -77.058495 522.000000
4.447410 -77.058495 522.000000
5.300739 -76.910873 521.000000
6.162589 -76.910873 521.000000
7.010956 -76.763252 520.000000
7.871152 -76.763252 520.000000
8.731348 -76.763252 520.000000
9.591543 -76.763252 520.000000
10.451738 -76.763252 520.000000
11.290180 -76.615631 519.000000
12.148722 -76.615631 519.000000
13.007263 -76.615631 519.000000
13.839088 -76.468010 518.000000
14.695975 -76.468010 518.000000
15.552863 -76.468010 518.000000
16.409750 -76.468010 518.000000
17.299971 -76.615631 519.000000
18.263474 -77.058495 522.000000
19.053696 -76.763252 520.000000
19.913891 -76.763252 520.000000
38.841934 -98.611259 668.000000
39.946957 -98.611259 668.000000
41.051975 -98.611259 668.000000
42.220108 -98.758881 669.000000
43.326782 -98.758881 669.000000
44.433456 -98.758881 669.000000
45.608204 -98.906502 670.000000
46.786259 -99.054123 671.000000
47.896240 -99.054123 671.000000
49.006226 -99.054123 671.000000
-19.011776 -76.778801 526.000000
-18.141655 -76.778801 526.000000
-17.271534 -76.778801 526.000000
-16.401413 -76.778801 526.000000
-15.531292 -76.778801 526.000000
-14.633298 -76.632835 525.000000
-13.764832 -76.632835 525.000000
-12.871800 -76.486870 524.000000
-12.004988 -76.486870 524.000000
-11.138175 -76.486870 524.000000
-10.251761 -76.340897 523.000000
-9.386602 -76.340897 523.000000
-8.521444 -76.340897 523.000000
-7.656286 -76.340897 523.000000
-6.791128 -76.340897 523.000000
-5.925970 -76.340897 523.000000
-5.051135 -76.194931 522.000000
-4.187631 -76.194931 522.000000
-3.324127 -76.194931 522.000000
-2.465337 -76.340897 523.000000
-1.600178 -76.340897 523.000000
-0.735020 -76.340897 523.000000
0.130387 -76.486870 524.000000
0.997199 -76.486870 524.000000
1.864012 -76.486870 524.000000
2.730824 -76.486870 524.000000
3.597637 -76.486870 524.000000
4.455929 -76.340897 523.000000
5.310914 -76.194931 522.000000
6.174417 -76.194931 522.000000
7.037921 -76.194931 522.000000
7.886289 -76.048965 521.000000
8.748138 -76.048965 521.000000
9.609988 -76.048965 521.000000
10.471838 -76.048965 521.000000
11.311934 -75.903000 520.000000
12.172130 -75.903000 520.000000
13.032326 -75.903000 520.000000
13.892521 -75.903000 520.000000
14.752717 -75.903000 520.000000
15.612912 -75.903000 520.000000
16.473108 -75.903000 520.000000
17.366636 -76.048965 521.000000
18.263474 -76.194931 522.000000
19.126978 -76.194931 522.000000
19.990482 -76.194931 522.000000
20.973837 -76.632835 525.000000
21.842304 -76.632835 525.000000
22.754028 -76.778801 526.000000
23.669062 -76.924767 527.000000
24.540838 -76.924767 527.000000
38.783791 -97.360191 667.000000
39.887157 -97.360191 667.000000
40.990520 -97.360191 667.000000
42.156998 -97.506157 668.000000
43.262016 -97.506157 668.000000
44.367039 -97.506157 668.000000
45.472057 -97.506157 668.000000
46.646805 -97.652122 669.000000
47.753479 -97.652122 669.000000
48.933189 -97.798096 670.000000
-19.011776 -75.908615 526.000000
-18.141655 -75.908615 526.000000
-17.271534 -75.908615 526.000000
-16.401413 -75.908615 526.000000
-15.531292 -75.908615 526.000000
-14.633298 -75.764305 525.000000
-13.764832 -75.764305 525.000000
-12.871800 -75.619995 524.000000
-12.004988 -75.619995 524.000000
-11.138175 -75.619995 524.000000
-10.251761 -75.475677 523.000000
-9.386602 -75.475677 523.000000
-8.521444 -75.475677 523.000000
-7.656286 -75.475677 523.000000
-6.791128 -75.475677 523.000000
-5.925970 -75.475677 523.000000
-5.051135 -75.331367 522.000000
-4.187631 -75.331367 522.000000
-3.324127 -75.331367 522.000000
-2.465337 -75.475677 523.000000
-1.603238 -75.619995 524.000000
-0.736426 -75.619995 524.000000
0.130387 -75.619995 524.000000
0.997199 -75.619995 524.000000
1.864012 -75.619995 524.000000
2.730824 -75.619995 524.000000
3.597637 -75.619995 524.000000
4.464449 -75.619995 524.000000
5.321088 -75.475677 523.000000
6.186246 -75.475677 523.000000
7.051404 -75.475677 523.000000
7.916563 -75.475677 523.000000
8.781721 -75.475677 523.000000
9.628434 -75.331367 522.000000
10.491938 -75.331367 522.000000
11.355442 -75.331367 522.000000
12.218946 -75.331367 522.000000
13.082450 -75.331367 522.000000
13.945954 -75.331367 522.000000
14.809458 -75.331367 522.000000
15.702987 -75.475677 523.000000
16.568146 -75.475677 523.000000
17.433304 -75.475677 523.000000
18.333448 -75.619995 524.000000
19.200262 -75.619995 524.000000
20.067074 -75.619995 524.000000
20.973837 -75.764305 525.000000
21.842304 -75.764305 525.000000
22.754028 -75.908615 526.000000
23.669062 -76.052933 527.000000
24.540838 -76.052933 527.000000
38.783791 -96.256744 667.000000
39.887157 -96.256744 667.000000
40.990520 -96.256744 667.000000
42.156998 -96.401062 668.000000
43.262016 -96.401062 668.000000
44.367039 -96.401062 668.000000
45.472057 -96.401062 668.000000
46.646805 -96.545372 669.000000
47.682098 -96.401062 668.000000
48.787121 -96.401062 668.000000
-19.047920 -75.181091 527.000000
-18.141655 -75.038437 526.000000
-17.271534 -75.038437 526.000000
-16.401413 -75.038437 526.000000
-15.531292 -75.038437 526.000000
-14.633298 -74.895775 525.000000
-13.764832 -74.895775 525.000000
-12.896365 -74.895775 525.000000
-12.027898 -74.895775 525.000000
-11.159431 -74.895775 525.000000
-10.271363 -74.753120 524.000000
-9.404551 -74.753120 524.000000
-8.537738 -74.753120 524.000000
-7.670926 -74.753120 524.000000
-6.804113 -74.753120 524.000000
-5.937301 -74.753120 524.000000
-5.060812 -74.610458 523.000000
-4.195653 -74.610458 523.000000
-3.330495 -74.610458 523.000000
-2.470051 -74.753120 524.000000
-1.603238 -74.753120 524.000000
-0.736426 -74.753120 524.000000
0.130387 -74.753120 524.000000
0.997199 -74.753120 524.000000
1.864012 -74.753120 524.000000
2.730824 -74.753120 524.000000
3.597637 -74.753120 524.000000
4.464449 -74.753120 524.000000
5.321088 -74.610458 523.000000
6.186246 -74.610458 523.000000
7.051404 -74.610458 523.000000
7.916563 -74.610458 523.000000
8.781721 -74.610458 523.000000
9.628434 -74.467804 522.000000
10.491938 -74.467804 522.000000
11.355442 -74.467804 522.000000
12.218946 -74.467804 522.000000
13.082450 -74.467804 522.000000
13.945954 -74.467804 522.000000
14.809458 -74.467804 522.000000
15.702987 -74.610458 523.000000
16.568146 -74.610458 523.000000
17.433304 -74.610458 523.000000
18.333448 -74.753120 524.000000
19.200262 -74.753120 524.000000
20.067074 -74.753120 524.000000
20.973837 -74.895775 525.000000
21.842304 -74.895775 525.000000
22.754028 -75.038437 526.000000
23.669062 -75.181091 527.000000
24.540838 -75.181091 527.000000
25.460835 -75.323753 528.000000
26.384140 -75.466408 529.000000
27.259222 -75.466408 529.000000
38.725643 -95.010643 666.000000
39.827354 -95.010643 666.000000
40.929066 -95.010643 666.000000
42.093887 -95.153305 667.000000
43.262016 -95.295959 668.000000
44.300621 -95.153305 667.000000
45.403988 -95.153305 667.000000
46.577080 -95.295959 668.000000
47.682098 -95.295959 668.000000
48.787121 -95.295959 668.000000
-19.047920 -74.309258 527.000000
-18.176146 -74.309258 527.000000
-17.304369 -74.309258 527.000000
-16.432594 -74.309258 527.000000
-15.560820 -74.309258 527.000000
-14.661171 -74.168251 526.000000
-13.791050 -74.168251 526.000000
-12.920929 -74.168251 526.000000
-12.050809 -74.168251 526.000000
-11.180688 -74.168251 526.000000
-10.290965 -74.027252 525.000000
-9.422498 -74.027252 525.000000
-8.554031 -74.027252 525.000000
-7.685565 -74.027252 525.000000
-6.817098 -74.027252 525.000000
-5.948631 -74.027252 525.000000
-5.080164 -74.027252 525.000000
-4.211698 -74.027252 525.000000
-3.343231 -74.027252 525.000000
-2.474764 -74.027252 525.000000
-1.606298 -74.027252 525.000000
-0.737831 -74.027252 525.000000
0.130636 -74.027252 525.000000
0.999102 -74.027252 525.000000
1.867569 -74.027252 525.000000
2.730824 -73.886246 524.000000
3.597637 -73.886246 524.000000
4.464449 -73.886246 524.000000
5.331262 -73.886246 524.000000
6.198074 -73.886246 524.000000
7.064887 -73.886246 524.000000
7.931699 -73.886246 524.000000
8.798512 -73.886246 524.000000
9.665324 -73.886246 524.000000
10.532137 -73.886246 524.000000
11.377195 -73.745239 523.000000
12.242353 -73.745239 523.000000
13.107512 -73.745239 523.000000
13.972671 -73.745239 523.000000
14.866199 -73.886246 524.000000
15.733011 -73.886246 524.000000
16.599825 -73.886246 524.000000
17.466637 -73.886246 524.000000
18.368437 -74.027252 525.000000
19.236904 -74.027252 525.000000
20.143665 -74.168251 526.000000
21.053738 -74.309258 527.000000
21.925512 -74.309258 527.000000
22.797287 -74.309258 527.000000
23.713976 -74.450264 528.000000
24.587404 -74.450264 528.000000
25.460835 -74.450264 528.000000
26.384140 -74.591263 529.000000
27.259222 -74.591263 529.000000
38.667496 -93.767845 665.000000
39.767555 -93.767845 665.000000
40.867611 -93.767845 665.000000
41.967670 -93.767845 665.000000
43.132492 -93.908852 666.000000
44.234203 -93.908852 666.000000
45.335915 -93.908852 666.000000
46.507355 -94.049858 667.000000
47.610718 -94.049858 667.000000
48.787121 -94.190865 668.000000
-19.047920 -73.437416 527.000000
-18.176146 -73.437416 527.000000
-17.304369 -73.437416 527.000000
-16.432594 -73.437416 527.000000
-15.560820 -73.437416 527.000000
-14.661171 -73.298073 526.000000
-13.791050 -73.298073 526.000000
-12.920929 -73.298073 526.000000
-12.050809 -73.298073 526.000000
-11.180688 -73.298073 526.000000
-10.290965 -73.158722 525.000000
-9.422498 -73.158722 525.000000
-8.554031 -73.158722 525.000000
-7.685565 -73.158722 525.000000
-6.817098 -73.158722 525.000000
-5.948631 -73.158722 525.000000
-5.080164 -73.158722 525.000000
-4.211698 -73.158722 525.000000
-3.343231 -73.158722 525.000000
-2.474764 -73.158722 525.000000
-1.606298 -73.158722 525.000000
-0.737831 -73.158722 525.000000
0.130636 -73.158722 525.000000
0.999102 -73.158722 525.000000
1.867569 -73.158722 525.000000
2.730824 -73.019371 524.000000
3.597637 -73.019371 524.000000
4.464449 -73.019371 524.000000
5.341436 -73.158722 525.000000
6.209903 -73.158722 525.000000
7.078370 -73.158722 525.000000
7.946836 -73.158722 525.000000
8.815303 -73.158722 525.000000
9.683769 -73.158722 525.000000
10.532137 -73.019371 524.000000
11.398950 -73.019371 524.000000
12.265761 -73.019371 524.000000
13.157637 -73.158722 525.000000
14.026103 -73.158722 525.000000
14.894569 -73.158722 525.000000
15.763037 -73.158722 525.000000
16.631504 -73.158722 525.000000
17.533302 -73.298073 526.000000
18.403423 -73.298073 526.000000
19.273544 -73.298073 526.000000
20.181961 -73.437416 527.000000
21.093687 -73.576767 528.000000
21.967117 -73.576767 528.000000
22.840546 -73.576767 528.000000
23.758888 -73.716118 529.000000
24.633972 -73.716118 529.000000
25.557278 -73.855469 530.000000
26.483891 -73.994820 531.000000
27.362282 -73.994820 531.000000
38.667496 -92.667709 665.000000
39.767555 -92.667709 665.000000
40.867611 -92.667709 665.000000
41.967670 -92.667709 665.000000
43.132492 -92.807060 666.000000
44.234203 -92.807060 666.000000
45.335915 -92.807060 666.000000
46.507355 -92.946411 667.000000
47.610718 -92.946411 667.000000
48.787121 -93.085762 668.000000
-17.304369 -72.565582 527.000000
-16.432594 -72.565582 527.000000
-15.560820 -72.565582 527.000000
-14.689044 -72.565582 527.000000
-13.817269 -72.565582 527.000000
-12.945494 -72.565582 527.000000
-12.050809 -72.427887 526.000000
-11.180688 -72.427887 526.000000
-10.310567 -72.427887 526.000000
-9.440446 -72.427887 526.000000
-8.570325 -72.427887 526.000000
-7.700204 -72.427887 526.000000
-6.830083 -72.427887 526.000000
-5.959962 -72.427887 526.000000
-5.089841 -72.427887 526.000000
-4.219720 -72.427887 526.000000
-3.349599 -72.427887 526.000000
-2.479478 -72.427887 526.000000
-1.609357 -72.427887 526.000000
-0.739236 -72.427887 526.000000
0.130885 -72.427887 526.000000
1.001006 -72.427887 526.000000
1.871126 -72.427887 526.000000
2.741247 -72.427887 526.000000
3.611368 -72.427887 526.000000
4.481489 -72.427887 526.000000
5.341436 -72.290192 525.000000
6.209903 -72.290192 525.000000
7.078370 -72.290192 525.000000
7.946836 -72.290192 525.000000
8.815303 -72.290192 525.000000
9.683769 -72.290192 525.000000
10.532137 -72.152496 524.000000
11.398950 -72.152496 524.000000
12.265761 -72.152496 524.000000
13.157637 -72.290192 525.000000
14.026103 -72.290192 525.000000
14.894569 -72.290192 525.000000
15.763037 -72.290192 525.000000
16.631504 -72.290192 525.000000
17.533302 -72.427887 526.000000
18.403423 -72.427887 526.000000
19.273544 -72.427887 526.000000
20.181961 -72.565582 527.000000
21.093687 -72.703278 528.000000
21.967117 -72.703278 528.000000
22.840546 -72.703278 528.000000
23.758888 -72.840973 529.000000
24.633972 -72.840973 529.000000
25.557278 -72.978668 530.000000
26.483891 -73.116364 531.000000
27.362282 -73.116364 531.000000
37.510944 -91.429878 664.000000
38.609348 -91.429878 664.000000
39.707752 -91.429878 664.000000
40.806156 -91.429878 664.000000
41.904560 -91.429878 664.000000
43.002964 -91.429878 664.000000
44.101368 -91.429878 664.000000
45.267841 -91.567574 665.000000
46.437626 -91.705269 666.000000
47.539341 -91.705269 666.000000
48.714085 -91.842964 667.000000
-17.304369 -71.693748 527.000000
-16.432594 -71.693748 527.000000
-15.560820 -71.693748 527.000000
-14.689044 -71.693748 527.000000
-13.817269 -71.693748 527.000000
-12.945494 -71.693748 527.000000
-12.073719 -71.693748 527.000000
-11.201943 -71.693748 527.000000
-10.310567 -71.557701 526.000000
-9.440446 -71.557701 526.000000
-8.586618 -71.693748 527.000000
-7.700204 -71.557701 526.000000
-6.830083 -71.557701 526.000000
-5.959962 -71.557701 526.000000
-5.089841 -71.557701 526.000000
-4.227742 -71.693748 527.000000
-3.355967 -71.693748 527.000000
-2.484192 -71.693748 527.000000
-1.612417 -71.693748 527.000000
-0.740642 -71.693748 527.000000
0.131133 -71.693748 527.000000
1.002909 -71.693748 527.000000
1.874684 -71.693748 527.000000
2.746459 -71.693748 527.000000
3.618234 -71.693748 527.000000
4.490009 -71.693748 527.000000
5.351610 -71.557701 526.000000
6.221731 -71.557701 526.000000
7.091852 -71.557701 526.000000
7.961973 -71.557701 526.000000
8.832094 -71.557701 526.000000
9.702215 -71.557701 526.000000
10.572336 -71.557701 526.000000
11.442456 -71.557701 526.000000
12.312577 -71.557701 526.000000
13.182698 -71.557701 526.000000
14.052819 -71.557701 526.000000
14.922940 -71.557701 526.000000
15.823086 -71.693748 527.000000
16.694860 -71.693748 527.000000
17.566637 -71.693748 527.000000
18.473400 -71.829788 528.000000
19.346828 -71.829788 528.000000
20.258554 -71.965828 529.000000
21.133638 -71.965828 529.000000
22.008720 -71.965828 529.000000
22.927063 -72.101868 530.000000
23.803801 -72.101868 530.000000
24.680538 -72.101868 530.000000
25.605497 -72.237907 531.000000
26.483891 -72.237907 531.000000
27.362282 -72.237907 531.000000
37.397961 -90.059319 662.000000
38.493057 -90.059319 662.000000
39.647953 -90.195358 663.000000
40.744701 -90.195358 663.000000
41.904560 -90.331398 664.000000
43.002964 -90.331398 664.000000
44.101368 -90.331398 664.000000
45.267841 -90.467438 665.000000
46.437626 -90.603477 666.000000
47.539341 -90.603477 666.000000
48.641052 -90.603477 666.000000
-17.304369 -70.821907 527.000000
-16.432594 -70.821907 527.000000
-15.560820 -70.821907 527.000000
-14.689044 -70.821907 527.000000
-13.817269 -70.821907 527.000000
-12.945494 -70.821907 527.000000
-12.073719 -70.821907 527.000000
-11.201943 -70.821907 527.000000
-10.310567 -70.687523 526.000000
-9.440446 -70.687523 526.000000
-8.586618 -70.821907 527.000000
-7.700204 -70.687523 526.000000
-6.830083 -70.687523 526.000000
-5.959962 -70.687523 526.000000
-5.089841 -70.687523 526.000000
-4.227742 -70.821907 527.000000
-3.355967 -70.821907 527.000000
-2.484192 -70.821907 527.000000
-1.612417 -70.821907 527.000000
-0.740642 -70.821907 527.000000
0.131133 -70.821907 527.000000
1.002909 -70.821907 527.000000
1.874684 -70.821907 527.000000
2.746459 -70.821907 527.000000
3.618234 -70.821907 527.000000
4.490009 -70.821907 527.000000
5.351610 -70.687523 526.000000
6.221731 -70.687523 526.000000
7.091852 -70.687523 526.000000
7.961973 -70.687523 526.000000
8.832094 -70.687523 526.000000
9.702215 -70.687523 526.000000
10.572336 -70.687523 526.000000
11.464211 -70.821907 527.000000
12.335985 -70.821907 527.000000
13.207761 -70.821907 527.000000
14.079535 -70.821907 527.000000
14.951311 -70.821907 527.000000
15.853111 -70.956291 528.000000
16.726540 -70.956291 528.000000
17.599970 -70.956291 528.000000
18.508387 -71.090683 529.000000
19.383471 -71.090683 529.000000
20.296850 -71.225067 530.000000
21.173588 -71.225067 530.000000
22.050325 -71.225067 530.000000
22.970322 -71.359459 531.000000
23.848715 -71.359459 531.000000
24.727106 -71.359459 531.000000
25.605497 -71.359459 531.000000
26.483891 -71.359459 531.000000
27.362282 -71.359459 531.000000
37.397961 -88.964142 662.000000
38.493057 -88.964142 662.000000
39.647953 -89.098526 663.000000
40.744701 -89.098526 663.000000
41.904560 -89.232918 664.000000
43.002964 -89.232918 664.000000
44.101368 -89.232918 664.000000
45.267841 -89.367302 665.000000
46.437626 -89.501686 666.000000
47.539341 -89.501686 666.000000
48.641052 -89.501686 666.000000
-15.560820 -69.950073 527.000000
-14.689044 -69.950073 527.000000
-13.817269 -69.950073 527.000000
-12.945494 -69.950073 527.000000
-12.073719 -69.950073 527.000000
-11.201943 -69.950073 527.000000
-10.330169 -69.950073 527.000000
-9.458393 -69.950073 527.000000
-8.586618 -69.950073 527.000000
-7.714843 -69.950073 527.000000
-6.843068 -69.950073 527.000000
-5.971292 -69.950073 527.000000
-5.099517 -69.950073 527.000000
-4.227742 -69.950073 527.000000
-3.355967 -69.950073 527.000000
-2.484192 -69.950073 527.000000
-1.615476 -70.082802 528.000000
-0.742047 -70.082802 528.000000
0.131133 -69.950073 527.000000
1.002909 -69.950073 527.000000
1.874684 -69.950073 527.000000
2.746459 -69.950073 527.000000
3.618234 -69.950073 527.000000
4.490009 -69.950073 527.000000
5.361784 -69.950073 527.000000
6.233560 -69.950073 527.000000
7.105335 -69.950073 527.000000
7.977110 -69.950073 527.000000
8.848885 -69.950073 527.000000
9.720660 -69.950073 527.000000
10.592435 -69.950073 527.000000
11.464211 -69.950073 527.000000
12.335985 -69.950073 527.000000
13.207761 -69.950073 527.000000
14.079535 -69.950073 527.000000
14.951311 -69.950073 527.000000
15.853111 -70.082802 528.000000
16.726540 -70.082802 528.000000
17.599970 -70.082802 528.000000
18.508387 -70.215538 529.000000
19.383471 -70.215538 529.000000
20.296850 -70.348267 530.000000
21.173588 -70.348267 530.000000
22.050325 -70.348267 530.000000
22.970322 -70.481003 531.000000
23.848715 -70.481003 531.000000
24.727106 -70.481003 531.000000
25.605497 -70.481003 531.000000
26.483891 -70.481003 531.000000
27.362282 -70.481003 531.000000
37.341469 -87.736237 661.000000
38.434910 -87.736237 661.000000
39.528351 -87.736237 661.000000
40.621792 -87.736237 661.000000
41.841450 -88.001701 663.000000
43.002964 -88.134438 664.000000
44.101368 -88.134438 664.000000
45.199772 -88.134438 664.000000
46.367901 -88.267166 665.000000
47.467960 -88.267166 665.000000
48.641052 -88.399902 666.000000
-14.689044 -69.078232 527.000000
-13.817269 -69.078232 527.000000
-12.945494 -69.078232 527.000000
-12.073719 -69.078232 527.000000
-11.201943 -69.078232 527.000000
-10.330169 -69.078232 527.000000
-9.458393 -69.078232 527.000000
-8.586618 -69.078232 527.000000
-7.714843 -69.078232 527.000000
-6.843068 -69.078232 527.000000
-5.971292 -69.078232 527.000000
-5.099517 -69.078232 527.000000
-4.227742 -69.078232 527.000000
-3.355967 -69.078232 527.000000
-2.488906 -69.209312 528.000000
-1.618536 -69.340393 529.000000
-0.742047 -69.209312 528.000000
0.131382 -69.209312 528.000000
1.004812 -69.209312 528.000000
1.878241 -69.209312 528.000000
2.751670 -69.209312 528.000000
3.625100 -69.209312 528.000000
4.498529 -69.209312 528.000000
5.361784 -69.078232 527.000000
6.233560 -69.078232 527.000000
7.105335 -69.078232 527.000000
7.977110 -69.078232 527.000000
8.848885 -69.078232 527.000000
9.720660 -69.078232 527.000000
10.592435 -69.078232 527.000000
11.464211 -69.078232 527.000000
12.335985 -69.078232 527.000000
13.207761 -69.078232 527.000000
14.079535 -69.078232 527.000000
14.979682 -69.209312 528.000000
15.853111 -69.209312 528.000000
16.726540 -69.209312 528.000000
17.633303 -69.340393 529.000000
18.508387 -69.340393 529.000000
19.383471 -69.340393 529.000000
20.296850 -69.471466 530.000000
21.213537 -69.602547 531.000000
22.091930 -69.602547 531.000000
22.970322 -69.602547 531.000000
23.848715 -69.602547 531.000000
24.727106 -69.602547 531.000000
25.605497 -69.602547 531.000000
26.483891 -69.602547 531.000000
27.362282 -69.602547 531.000000
37.284977 -86.511642 660.000000
38.376762 -86.511642 660.000000
39.528351 -86.642715 661.000000
40.621792 -86.642715 661.000000
41.778343 -86.773796 662.000000
42.938202 -86.904877 663.000000
44.034950 -86.904877 663.000000
45.199772 -87.035950 664.000000
46.367901 -87.167030 665.000000
47.467960 -87.167030 665.000000
48.641052 -87.298111 666.000000
-14.689044 -68.206398 527.000000
-13.817269 -68.206398 527.000000
-12.945494 -68.206398 527.000000
-12.073719 -68.206398 527.000000
-11.201943 -68.206398 527.000000
-10.330169 -68.206398 527.000000
-9.458393 -68.206398 527.000000
-8.586618 -68.206398 527.000000
-7.714843 -68.206398 527.000000
-6.843068 -68.206398 527.000000
-5.971292 -68.206398 527.000000
-5.099517 -68.206398 527.000000
-4.227742 -68.206398 527.000000
-3.355967 -68.206398 527.000000
-2.488906 -68.335823 528.000000
-1.618536 -68.465240 529.000000
-0.742047 -68.335823 528.000000
0.131382 -68.335823 528.000000
1.004812 -68.335823 528.000000
1.878241 -68.335823 528.000000
2.751670 -68.335823 528.000000
3.625100 -68.335823 528.000000
4.498529 -68.335823 528.000000
5.361784 -68.206398 527.000000
6.233560 -68.206398 527.000000
7.105335 -68.206398 527.000000
7.977110 -68.206398 527.000000
8.848885 -68.206398 527.000000
9.720660 -68.206398 527.000000
10.592435 -68.206398 527.000000
11.464211 -68.206398 527.000000
12.335985 -68.206398 527.000000
13.207761 -68.206398 527.000000
14.079535 -68.206398 527.000000
14.979682 -68.335823 528.000000
15.853111 -68.335823 528.000000
16.726540 -68.335823 528.000000
17.633303 -68.465240 529.000000
18.543375 -68.594666 530.000000
19.420113 -68.594666 530.000000
20.335146 -68.724091 531.000000
21.213537 -68.724091 531.000000
22.091930 -68.724091 531.000000
22.970322 -68.724091 531.000000
23.848715 -68.724091 531.000000
24.727106 -68.724091 531.000000
25.653719 -68.853516 532.000000
26.533766 -68.853516 532.000000
27.413813 -68.853516 532.000000
37.284977 -85.419777 660.000000
38.376762 -85.419777 660.000000
39.528351 -85.549202 661.000000
40.621792 -85.549202 661.000000
41.778343 -85.678619 662.000000
42.938202 -85.808044 663.000000
44.034950 -85.808044 663.000000
45.199772 -85.937469 664.000000
46.367901 -86.066895 665.000000
47.467960 -86.066895 665.000000
48.641052 -86.196320 666.000000
-12.945494 -67.334557 527.000000
-12.073719 -67.334557 527.000000
-11.201943 -67.334557 527.000000
-10.330169 -67.334557 527.000000
-9.458393 -67.334557 527.000000
-8.586618 -67.334557 527.000000
-7.714843 -67.334557 527.000000
-6.843068 -67.334557 527.000000
-5.971292 -67.334557 527.000000
-5.099517 -67.334557 527.000000
-4.235765 -67.462326 528.000000
-3.368703 -67.590096 529.000000
-2.493620 -67.590096 529.000000
-1.618536 -67.590096 529.000000
-0.743453 -67.590096 529.000000
0.131631 -67.590096 529.000000
1.006715 -67.590096 529.000000
1.878241 -67.462326 528.000000
2.751670 -67.462326 528.000000
3.625100 -67.462326 528.000000
4.498529 -67.462326 528.000000
5.371959 -67.462326 528.000000
6.245388 -67.462326 528.000000
7.118817 -67.462326 528.000000
7.992247 -67.462326 528.000000
8.865676 -67.462326 528.000000
9.739105 -67.462326 528.000000
10.612535 -67.462326 528.000000
11.485964 -67.462326 528.000000
12.359393 -67.462326 528.000000
13.232823 -67.462326 528.000000
14.106253 -67.462326 528.000000
15.008052 -67.590096 529.000000
15.883136 -67.590096 529.000000
16.758219 -67.590096 529.000000
17.666636 -67.717865 530.000000
18.543375 -67.717865 530.000000
19.420113 -67.717865 530.000000
20.335146 -67.845634 531.000000
21.213537 -67.845634 531.000000
22.091930 -67.845634 531.000000
22.970322 -67.845634 531.000000
23.848715 -67.845634 531.000000
24.727106 -67.845634 531.000000
25.653719 -67.973404 532.000000
26.533766 -67.973404 532.000000
27.413813 -67.973404 532.000000
37.284977 -84.327911 660.000000
38.376762 -84.327911 660.000000
39.528351 -84.455681 661.000000
40.621792 -84.455681 661.000000
41.778343 -84.583450 662.000000
42.938202 -84.711220 663.000000
44.034950 -84.711220 663.000000
45.199772 -84.838989 664.000000
46.367901 -84.966759 665.000000
47.467960 -84.966759 665.000000
48.641052 -85.094528 666.000000
-10.330169 -66.462723 527.000000
-9.458393 -66.462723 527.000000
-8.586618 -66.462723 527.000000
-7.714843 -66.462723 527.000000
-6.856053 -66.588837 528.000000
-5.982624 -66.588837 528.000000
-5.109194 -66.588837 528.000000
-4.243787 -66.714951 529.000000
-3.368703 -66.714951 529.000000
-2.493620 -66.714951 529.000000
-1.621596 -66.841064 530.000000
-0.743453 -66.714951 529.000000
0.131631 -66.714951 529.000000
1.006715 -66.714951 529.000000
1.881798 -66.714951 529.000000
2.756882 -66.714951 529.000000
3.631965 -66.714951 529.000000
4.507049 -66.714951 529.000000
5.371959 -66.588837 528.000000
6.245388 -66.588837 528.000000
7.118817 -66.588837 528.000000
7.992247 -66.588837 528.000000
8.865676 -66.588837 528.000000
9.739105 -66.588837 528.000000
10.612535 -66.588837 528.000000
11.485964 -66.588837 528.000000
12.359393 -66.588837 528.000000
13.257885 -66.714951 529.000000
14.132969 -66.714951 529.000000
15.008052 -66.714951 529.000000
15.913160 -66.841064 530.000000
16.789898 -66.841064 530.000000
17.666636 -66.841064 530.000000
18.578362 -66.967178 531.000000
19.456753 -66.967178 531.000000
20.335146 -66.967178 531.000000
21.213537 -66.967178 531.000000
22.091930 -66.967178 531.000000
23.013580 -67.093300 532.000000
23.938540 -67.219414 533.000000
24.820240 -67.219414 533.000000
25.701941 -67.219414 533.000000
35.101402 -83.236046 660.000000
36.193188 -83.236046 660.000000
37.284977 -83.236046 660.000000
38.376762 -83.236046 660.000000
39.588150 -83.488274 662.000000
40.683247 -83.488274 662.000000
41.841450 -83.614388 663.000000
43.002964 -83.740509 664.000000
44.101368 -83.740509 664.000000
45.199772 -83.740509 664.000000
46.437626 -83.992737 666.000000
47.539341 -83.992737 666.000000
48.641052 -83.992737 666.000000
-10.330169 -65.590881 527.000000
-9.458393 -65.590881 527.000000
-8.586618 -65.590881 527.000000
-7.714843 -65.590881 527.000000
-6.856053 -65.715347 528.000000
-5.982624 -65.715347 528.000000
-5.109194 -65.715347 528.000000
-4.243787 -65.839806 529.000000
-3.368703 -65.839806 529.000000
-2.493620 -65.839806 529.000000
-1.621596 -65.964264 530.000000
-0.743453 -65.839806 529.000000
0.131631 -65.839806 529.000000
1.006715 -65.839806 529.000000
1.881798 -65.839806 529.000000
2.756882 -65.839806 529.000000
3.631965 -65.839806 529.000000
4.507049 -65.839806 529.000000
5.371959 -65.715347 528.000000
6.245388 -65.715347 528.000000
7.118817 -65.715347 528.000000
7.992247 -65.715347 528.000000
8.865676 -65.715347 528.000000
9.739105 -65.715347 528.000000
10.612535 -65.715347 528.000000
11.485964 -65.715347 528.000000
12.359393 -65.715347 528.000000
13.257885 -65.839806 529.000000
14.132969 -65.839806 529.000000
15.008052 -65.839806 529.000000
15.913160 -65.964264 530.000000
16.789898 -65.964264 530.000000
17.666636 -65.964264 530.000000
18.578362 -66.088730 531.000000
19.456753 -66.088730 531.000000
20.335146 -66.088730 531.000000
21.213537 -66.088730 531.000000
22.091930 -66.088730 531.000000
23.013580 -66.213188 532.000000
23.938540 -66.337646 533.000000
24.820240 -66.337646 533.000000
35.101402 -82.144180 660.000000
36.193188 -82.144180 660.000000
37.284977 -82.144180 660.000000
38.434910 -82.268639 661.000000
39.588150 -82.393105 662.000000
40.683247 -82.393105 662.000000
41.904560 -82.642021 664.000000
43.002964 -82.642021 664.000000
44.101368 -82.642021 664.000000
45.267841 -82.766487 665.000000
46.437626 -82.890945 666.000000
47.539341 -82.890945 666.000000
48.714085 -83.015404 667.000000
-7.729482 -64.841850 528.000000
-6.856053 -64.841850 528.000000
-5.993954 -64.964661 529.000000
-5.118871 -64.964661 529.000000
-4.251809 -65.087463 530.000000
-3.375071 -65.087463 530.000000
-2.498333 -65.087463 530.000000
-1.624655 -65.210274 531.000000
-0.744858 -65.087463 530.000000
0.131880 -65.087463 530.000000
1.008618 -65.087463 530.000000
1.885356 -65.087463 530.000000
2.762093 -65.087463 530.000000
3.638831 -65.087463 530.000000
4.507049 -64.964661 529.000000
5.382133 -64.964661 529.000000
6.257216 -64.964661 529.000000
7.132300 -64.964661 529.000000
7.992247 -64.841850 528.000000
8.865676 -64.841850 528.000000
9.739105 -64.841850 528.000000
10.612535 -64.841850 528.000000
11.485964 -64.841850 528.000000
12.359393 -64.841850 528.000000
13.257885 -64.964661 529.000000
14.132969 -64.964661 529.000000
15.036423 -65.087463 530.000000
15.913160 -65.087463 530.000000
16.789898 -65.087463 530.000000
17.699970 -65.210274 531.000000
18.578362 -65.210274 531.000000
19.456753 -65.210274 531.000000
22.175138 -65.455887 533.000000
23.056839 -65.455887 533.000000
33.906555 -80.806702 658.000000
34.995033 -80.806702 658.000000
36.193188 -81.052315 660.000000
37.284977 -81.052315 660.000000
38.434910 -81.175125 661.000000
39.588150 -81.297928 662.000000
40.683247 -81.297928 662.000000
41.904560 -81.543541 664.000000
43.002964 -81.543541 664.000000
44.101368 -81.543541 664.000000
45.267841 -81.666351 665.000000
46.437626 -81.789154 666.000000
47.539341 -81.789154 666.000000
48.714085 -81.911964 667.000000
-28.692598 -81.293129 671.000000
-27.582615 -81.293129 671.000000
-26.472631 -81.293129 671.000000
-25.362648 -81.293129 671.000000
-6.869038 -64.089516 529.000000
-5.993954 -64.089516 529.000000
-5.118871 -64.089516 529.000000
-4.251809 -64.210663 530.000000
-3.381439 -64.331818 531.000000
-2.503047 -64.331818 531.000000
-1.624655 -64.331818 531.000000
-0.746263 -64.331818 531.000000
0.132129 -64.331818 531.000000
1.010521 -64.331818 531.000000
1.888913 -64.331818 531.000000
2.762093 -64.210663 530.000000
3.638831 -64.210663 530.000000
4.515569 -64.210663 530.000000
5.392307 -64.210663 530.000000
6.269045 -64.210663 530.000000
7.132300 -64.089516 529.000000
8.007383 -64.089516 529.000000
8.882467 -64.089516 529.000000
9.757550 -64.089516 529.000000
10.632634 -64.089516 529.000000
11.507718 -64.089516 529.000000
12.382801 -64.089516 529.000000
13.257885 -64.089516 529.000000
14.132969 -64.089516 529.000000
15.036423 -64.210663 530.000000
15.943186 -64.331818 531.000000
16.821577 -64.331818 531.000000
17.699970 -64.331818 531.000000
18.578362 -64.331818 531.000000
19.456753 -64.331818 531.000000
33.906555 -79.718147 658.000000
34.995033 -79.718147 658.000000
36.248028 -80.081604 661.000000
37.341469 -80.081604 661.000000
38.493057 -80.202759 662.000000
39.707752 -80.445061 664.000000
40.806156 -80.445061 664.000000
41.904560 -80.445061 664.000000
43.067726 -80.566216 665.000000
44.167786 -80.566216 665.000000
45.335915 -80.687363 666.000000
46.507355 -80.808517 667.000000
47.610718 -80.808517 667.000000
48.714085 -80.808517 667.000000
-28.692598 -80.183067 671.000000
-27.541508 -80.063568 670.000000
-26.433178 -80.063568 670.000000
-25.287052 -79.944069 669.000000
-24.144232 -79.824570 668.000000
-23.039211 -79.824570 668.000000
-21.934191 -79.824570 668.000000
-20.797989 -79.705070 667.000000
-19.694624 -79.705070 667.000000
-18.591257 -79.705070 667.000000
-6.869038 -63.214367 529.000000
-5.993954 -63.214367 529.000000
-5.118871 -63.214367 529.000000
-4.251809 -63.333866 530.000000
-3.381439 -63.453365 531.000000
-2.503047 -63.453365 531.000000
-1.624655 -63.453365 531.000000
-0.746263 -63.453365 531.000000
0.132129 -63.453365 531.000000
1.010521 -63.453365 531.000000
1.888913 -63.453365 531.000000
2.762093 -63.333866 530.000000
3.638831 -63.333866 530.000000
4.515569 -63.333866 530.000000
5.392307 -63.333866 530.000000
6.269045 -63.333866 530.000000
7.132300 -63.214367 529.000000
8.007383 -63.214367 529.000000
8.882467 -63.214367 529.000000
9.757550 -63.214367 529.000000
10.632634 -63.214367 529.000000
11.507718 -63.214367 529.000000
12.382801 -63.214367 529.000000
13.257885 -63.214367 529.000000
14.132969 -63.214367 529.000000
15.036423 -63.333866 530.000000
15.943186 -63.453365 531.000000
16.821577 -63.453365 531.000000
17.699970 -63.453365 531.000000
18.578362 -63.453365 531.000000
19.456753 -63.453365 531.000000
24.241331 -75.642143 633.000000
25.288454 -75.642143 633.000000
26.418787 -75.881142 635.000000
30.222019 -77.554108 649.000000
31.295609 -77.554108 649.000000
32.618576 -78.151604 654.000000
33.700439 -78.151604 654.000000
34.995033 -78.629593 658.000000
36.302864 -79.107582 662.000000
37.397961 -79.107582 662.000000
38.609348 -79.346581 664.000000
39.707752 -79.346581 664.000000
40.806156 -79.346581 664.000000
41.967670 -79.466080 665.000000
43.132492 -79.585571 666.000000
44.234203 -79.585571 666.000000
45.403988 -79.705070 667.000000
46.577080 -79.824570 668.000000
47.682098 -79.824570 668.000000
48.787121 -79.824570 668.000000
-28.692598 -79.072998 671.000000
-27.541508 -78.955154 670.000000
-26.433178 -78.955154 670.000000
-25.287052 -78.837311 669.000000
-24.144232 -78.719475 668.000000
-23.039211 -78.719475 668.000000
-21.934191 -78.719475 668.000000
-20.797989 -78.601631 667.000000
-19.694624 -78.601631 667.000000
-18.591257 -78.601631 667.000000
16.821577 -62.574909 531.000000
17.699970 -62.574909 531.000000
21.972149 -74.005730 628.000000
23.011000 -74.005730 628.000000
24.241331 -74.594948 633.000000
25.288454 -74.594948 633.000000
26.418787 -74.830635 635.000000
27.815287 -75.773384 643.000000
30.222019 -76.480446 649.000000
31.295609 -76.480446 649.000000
32.618576 -77.069664 654.000000
33.700439 -77.069664 654.000000
34.995033 -77.541039 658.000000
36.302864 -78.012413 662.000000
37.397961 -78.012413 662.000000
38.609348 -78.248100 664.000000
39.707752 -78.248100 664.000000
40.806156 -78.248100 664.000000
41.967670 -78.365944 665.000000
43.132492 -78.483788 666.000000
44.234203 -78.483788 666.000000
45.403988 -78.601631 667.000000
46.577080 -78.719475 668.000000
47.682098 -78.719475 668.000000
48.787121 -78.719475 668.000000
-28.692598 -77.962936 671.000000
-27.541508 -77.846748 670.000000
-26.433178 -77.846748 670.000000
-25.287052 -77.730560 669.000000
-24.144232 -77.614372 668.000000
-23.039211 -77.614372 668.000000
-21.934191 -77.614372 668.000000
-20.797989 -77.498184 667.000000
-19.694624 -77.498184 667.000000
-18.591257 -77.498184 667.000000
-17.487890 -77.498184 667.000000
19.989483 -73.315369 631.000000
21.033297 -73.315369 631.000000
22.077112 -73.315369 631.000000
23.194210 -73.547752 633.000000
24.394516 -74.012505 637.000000
25.448256 -74.012505 637.000000
26.585203 -74.244888 639.000000
27.815287 -74.709641 643.000000
30.315153 -75.639153 651.000000
31.392052 -75.639153 651.000000
34.009617 -76.684860 660.000000
35.101402 -76.684860 660.000000
36.357704 -77.033424 663.000000
37.454453 -77.033424 663.000000
38.609348 -77.149612 664.000000
39.767555 -77.265800 665.000000
40.867611 -77.265800 665.000000
42.030781 -77.381996 666.000000
43.197254 -77.498184 667.000000
44.300621 -77.498184 667.000000
45.472057 -77.614372 668.000000
46.577080 -77.614372 668.000000
47.682098 -77.614372 668.000000
48.860153 -77.730560 669.000000
-28.692598 -76.852875 671.000000
-27.582615 -76.852875 671.000000
-26.472631 -76.852875 671.000000
-25.287052 -76.623810 669.000000
-24.144232 -76.509270 668.000000
-23.039211 -76.509270 668.000000
-21.934191 -76.509270 668.000000
-20.829170 -76.509270 668.000000
-19.724150 -76.509270 668.000000
-18.591257 -76.394737 667.000000
-17.487890 -76.394737 667.000000
-16.384525 -76.394737 667.000000
-15.281158 -76.394737 667.000000
19.989483 -72.271484 631.000000
21.033297 -72.271484 631.000000
22.077112 -72.271484 631.000000
23.194210 -72.500549 633.000000
24.394516 -72.958694 637.000000
25.448256 -72.958694 637.000000
26.585203 -73.187759 639.000000
27.815287 -73.645905 643.000000
29.193340 -74.447647 650.000000
30.268585 -74.447647 650.000000
31.392052 -74.562180 651.000000
34.009617 -75.592995 660.000000
35.101402 -75.592995 660.000000
36.357704 -75.936600 663.000000
37.454453 -75.936600 663.000000
38.609348 -76.051132 664.000000
39.767555 -76.165665 665.000000
40.867611 -76.165665 665.000000
42.030781 -76.280205 666.000000
43.262016 -76.509270 668.000000
44.367039 -76.509270 668.000000
45.472057 -76.509270 668.000000
46.716534 -76.738342 670.000000
47.824860 -76.738342 670.000000
48.933189 -76.738342 670.000000
-28.692598 -75.742813 671.000000
-27.582615 -75.742813 671.000000
-26.472631 -75.742813 671.000000
-25.324850 -75.629936 670.000000
-24.180376 -75.517052 669.000000
-23.073702 -75.517052 669.000000
-21.934191 -75.404175 668.000000
-20.829170 -75.404175 668.000000
-19.724150 -75.404175 668.000000
-18.619129 -75.404175 668.000000
-17.487890 -75.291290 667.000000
-16.384525 -75.291290 667.000000
-15.281158 -75.291290 667.000000
-3.125274 -74.839767 663.000000
-2.019346 -74.501129 660.000000
-0.927559 -74.501129 660.000000
0.164228 -74.501129 660.000000
18.185560 -72.356400 641.000000
19.245916 -72.356400 641.000000
20.179558 -71.904877 637.000000
21.233297 -71.904877 637.000000
22.357012 -72.130638 639.000000
23.414059 -72.130638 639.000000
24.547699 -72.356400 641.000000
25.687956 -72.582161 643.000000
26.751621 -72.582161 643.000000
27.945063 -72.920799 646.000000
29.193340 -73.372322 650.000000
30.268585 -73.372322 650.000000
31.536715 -73.823845 654.000000
32.867954 -74.388252 659.000000
33.958088 -74.388252 659.000000
35.154587 -74.614006 661.000000
36.412540 -74.952652 664.000000
37.510944 -74.952652 664.000000
38.667496 -75.065529 665.000000
39.827354 -75.178413 666.000000
40.929066 -75.178413 666.000000
42.093887 -75.291290 667.000000
43.262016 -75.404175 668.000000
44.367039 -75.404175 668.000000
45.472057 -75.404175 668.000000
46.716534 -75.629936 670.000000
47.824860 -75.629936 670.000000
48.933189 -75.629936 670.000000
-28.692598 -74.632751 671.000000
-27.582615 -74.632751 671.000000
-26.472631 -74.632751 671.000000
-25.287052 -74.410301 669.000000
-24.180376 -74.410301 669.000000
-23.073702 -74.410301 669.000000
-21.934191 -74.299072 668.000000
-20.829170 -74.299072 668.000000
-19.724150 -74.299072 668.000000
-18.619129 -74.299072 668.000000
-17.487890 -74.187851 667.000000
-16.384525 -74.187851 667.000000
-15.258248 -74.076622 666.000000
-14.156536 -74.076622 666.000000
-13.054824 -74.076622 666.000000
-11.953112 -74.076622 666.000000
-10.851399 -74.076622 666.000000
-9.749688 -74.076622 666.000000
-8.634991 -73.965393 665.000000
-7.534933 -73.965393 665.000000
-6.425199 -73.854172 664.000000
-5.326795 -73.854172 664.000000
-4.228391 -73.854172 664.000000
-3.125274 -73.742943 663.000000
-2.019346 -73.409264 660.000000
-0.927559 -73.409264 660.000000
0.164228 -73.409264 660.000000
18.185560 -71.295967 641.000000
19.245916 -71.295967 641.000000
20.306274 -71.295967 641.000000
21.366631 -71.295967 641.000000
22.461973 -71.407196 642.000000
23.523985 -71.407196 642.000000
24.700884 -71.740875 645.000000
25.847757 -71.963326 647.000000
26.918039 -71.963326 647.000000
28.118097 -72.297005 650.000000
29.283167 -72.519455 652.000000
30.361719 -72.519455 652.000000
31.633158 -72.964363 656.000000
32.867954 -73.298035 659.000000
33.958088 -73.298035 659.000000
35.260956 -73.742943 663.000000
36.522217 -74.076622 666.000000
37.623932 -74.076622 666.000000
38.783791 -74.187851 667.000000
39.946957 -74.299072 668.000000
41.051975 -74.299072 668.000000
42.156998 -74.299072 668.000000
43.326782 -74.410301 669.000000
44.433456 -74.410301 669.000000
45.608204 -74.521523 670.000000
46.786259 -74.632751 671.000000
47.896240 -74.632751 671.000000
49.006226 -74.632751 671.000000
-28.692598 -73.522690 671.000000
-27.582615 -73.522690 671.000000
-26.472631 -73.522690 671.000000
-25.287052 -73.303543 669.000000
-24.180376 -73.303543 669.000000
-23.073702 -73.303543 669.000000
-21.934191 -73.193977 668.000000
-20.829170 -73.193977 668.000000
-19.724150 -73.193977 668.000000
-18.619129 -73.193977 668.000000
-17.487890 -73.084404 667.000000
-16.384525 -73.084404 667.000000
-15.258248 -72.974831 666.000000
-14.156536 -72.974831 666.000000
-13.054824 -72.974831 666.000000
-11.953112 -72.974831 666.000000
-10.851399 -72.974831 666.000000
-9.749688 -72.974831 666.000000
-8.634991 -72.865257 665.000000
-7.534933 -72.865257 665.000000
-6.425199 -72.755684 664.000000
-5.326795 -72.755684 664.000000
-4.228391 -72.755684 664.000000
-3.125274 -72.646118 663.000000
-2.019346 -72.317398 660.000000
-0.927559 -72.317398 660.000000
0.164228 -72.317398 660.000000
15.121531 -70.783394 646.000000
16.190159 -70.783394 646.000000
17.232069 -70.673820 645.000000
18.185560 -70.235535 641.000000
19.245916 -70.235535 641.000000
20.306274 -70.235535 641.000000
21.366631 -70.235535 641.000000
22.461973 -70.345108 642.000000
23.523985 -70.345108 642.000000
24.700884 -70.673820 645.000000
25.847757 -70.892967 647.000000
26.918039 -70.892967 647.000000
28.118097 -71.221680 650.000000
29.283167 -71.440826 652.000000
30.361719 -71.440826 652.000000
31.633158 -71.879112 656.000000
32.867954 -72.207825 659.000000
33.958088 -72.207825 659.000000
35.260956 -72.646118 663.000000
36.522217 -72.974831 666.000000
37.623932 -72.974831 666.000000
38.783791 -73.084404 667.000000
39.946957 -73.193977 668.000000
41.051975 -73.193977 668.000000
42.156998 -73.193977 668.000000
43.326782 -73.303543 669.000000
44.433456 -73.303543 669.000000
45.608204 -73.413116 670.000000
46.786259 -73.522690 671.000000
47.896240 -73.522690 671.000000
49.006226 -73.522690 671.000000
-28.692598 -72.412628 671.000000
-27.582615 -72.412628 671.000000
-26.472631 -72.412628 671.000000
-25.324850 -72.304710 670.000000
-24.216520 -72.304710 670.000000
-23.108192 -72.304710 670.000000
-21.934191 -72.088875 668.000000
-20.829170 -72.088875 668.000000
-19.753677 -72.196793 669.000000
-18.619129 -72.088875 668.000000
-17.514109 -72.088875 668.000000
-16.409088 -72.088875 668.000000
-15.304069 -72.088875 668.000000
-14.177792 -71.980957 667.000000
-13.074426 -71.980957 667.000000
-11.971060 -71.980957 667.000000
-10.867693 -71.980957 667.000000
-9.749688 -71.873039 666.000000
-8.647976 -71.873039 666.000000
-7.546264 -71.873039 666.000000
-6.434875 -71.765121 665.000000
-5.334817 -71.765121 665.000000
-4.234759 -71.765121 665.000000
-3.129988 -71.657204 664.000000
-2.025465 -71.441368 662.000000
-0.930370 -71.441368 662.000000
0.164725 -71.441368 662.000000
5.597601 -70.901787 657.000000
6.674252 -70.793869 656.000000
7.759421 -70.793869 656.000000
8.831108 -70.685951 655.000000
9.869214 -70.362198 652.000000
10.947766 -70.362198 652.000000
12.026320 -70.362198 652.000000
13.064673 -70.146362 650.000000
14.139918 -70.146362 650.000000
15.121531 -69.714691 646.000000
16.190159 -69.714691 646.000000
17.232069 -69.606773 645.000000
18.299044 -69.606773 645.000000
19.366016 -69.606773 645.000000
20.432989 -69.606773 645.000000
21.499964 -69.606773 645.000000
22.601925 -69.714691 646.000000
23.670551 -69.714691 646.000000
24.815771 -69.930527 648.000000
25.967607 -70.146362 650.000000
27.042852 -70.146362 650.000000
28.204615 -70.362198 652.000000
29.417906 -70.685951 655.000000
30.501421 -70.685951 655.000000
31.777821 -71.117615 659.000000
32.967705 -71.333450 661.000000
34.061146 -71.333450 661.000000
35.314140 -71.657204 664.000000
36.577057 -71.980957 667.000000
37.680424 -71.980957 667.000000
38.841934 -72.088875 668.000000
40.006756 -72.196793 669.000000
41.113434 -72.196793 669.000000
42.283215 -72.304710 670.000000
43.391544 -72.304710 670.000000
44.499874 -72.304710 670.000000
45.676273 -72.412628 671.000000
46.786259 -72.412628 671.000000
47.896240 -72.412628 671.000000
49.006226 -72.412628 671.000000
-28.692598 -71.302567 671.000000
-27.582615 -71.302567 671.000000
-26.472631 -71.302567 671.000000
-25.324850 -71.196304 670.000000
-24.216520 -71.196304 670.000000
-23.108192 -71.196304 670.000000
-21.934191 -70.983772 668.000000
-20.829170 -70.983772 668.000000
-19.753677 -71.090042 669.000000
-18.619129 -70.983772 668.000000
-17.514109 -70.983772 668.000000
-16.409088 -70.983772 668.000000
-15.304069 -70.983772 668.000000
-14.177792 -70.877510 667.000000
-13.074426 -70.877510 667.000000
-11.971060 -70.877510 667.000000
-10.867693 -70.877510 667.000000
-9.749688 -70.771248 666.000000
-8.647976 -70.771248 666.000000
-7.546264 -70.771248 666.000000
-6.434875 -70.664986 665.000000
-5.334817 -70.664986 665.000000
-4.234759 -70.664986 665.000000
-3.129988 -70.558723 664.000000
-2.025465 -70.346199 662.000000
-0.930370 -70.346199 662.000000
0.164725 -70.346199 662.000000
5.597601 -69.814880 657.000000
6.674252 -69.708618 656.000000
7.759421 -69.708618 656.000000
8.831108 -69.602356 655.000000
9.869214 -69.283569 652.000000
10.947766 -69.283569 652.000000
12.026320 -69.283569 652.000000
13.064673 -69.071037 650.000000
14.139918 -69.071037 650.000000
15.215162 -69.071037 650.000000
16.290407 -69.071037 650.000000
17.365652 -69.071037 650.000000
18.440895 -69.071037 650.000000
19.516140 -69.071037 650.000000
20.559706 -68.964775 649.000000
21.633297 -68.964775 649.000000
22.741875 -69.071037 650.000000
23.817118 -69.071037 650.000000
24.968954 -69.283569 652.000000
26.127409 -69.496094 654.000000
27.209269 -69.496094 654.000000
28.377647 -69.708618 656.000000
29.597557 -70.027405 659.000000
30.687689 -70.027405 659.000000
31.874264 -70.239937 661.000000
33.117332 -70.558723 664.000000
34.215736 -70.558723 664.000000
35.420506 -70.771248 666.000000
36.686733 -71.090042 669.000000
37.793407 -71.090042 669.000000
38.958229 -71.196304 670.000000
40.126358 -71.302567 671.000000
41.236343 -71.302567 671.000000
42.346325 -71.302567 671.000000
43.456310 -71.302567 671.000000
44.566292 -71.302567 671.000000
45.676273 -71.302567 671.000000
46.855984 -71.408829 672.000000
47.967621 -71.408829 672.000000
49.079258 -71.408829 672.000000
-28.735359 -70.297112 672.000000
-27.582615 -70.192505 671.000000
-26.472631 -70.192505 671.000000
-25.324850 -70.087891 670.000000
-24.216520 -70.087891 670.000000
-23.108192 -70.087891 670.000000
-21.999863 -70.087891 670.000000
-20.860352 -69.983284 669.000000
-19.753677 -69.983284 669.000000
-18.619129 -69.878677 668.000000
-17.514109 -69.878677 668.000000
-16.409088 -69.878677 668.000000
-15.304069 -69.878677 668.000000
-14.177792 -69.774071 667.000000
-13.074426 -69.774071 667.000000
-11.971060 -69.774071 667.000000
-10.867693 -69.774071 667.000000
-9.764327 -69.774071 667.000000
-8.647976 -69.669456 666.000000
-7.546264 -69.669456 666.000000
-6.444551 -69.669456 666.000000
-5.342840 -69.669456 666.000000
-4.241127 -69.669456 666.000000
-3.134701 -69.564850 665.000000
-2.031584 -69.460243 664.000000
-0.933181 -69.460243 664.000000
0.164974 -69.355637 663.000000
1.257918 -69.146416 661.000000
2.351358 -69.146416 661.000000
3.439588 -69.041809 660.000000
4.531374 -69.041809 660.000000
5.597601 -68.727982 657.000000
6.674252 -68.623375 656.000000
7.759421 -68.623375 656.000000
8.831108 -68.518761 655.000000
9.869214 -68.204933 652.000000
10.947766 -68.204933 652.000000
12.026320 -68.204933 652.000000
13.064673 -67.995720 650.000000
14.139918 -67.995720 650.000000
15.215162 -67.995720 650.000000
16.290407 -67.995720 650.000000
17.365652 -67.995720 650.000000
18.440895 -67.995720 650.000000
19.516140 -67.995720 650.000000
20.559706 -67.891113 649.000000
21.633297 -67.891113 649.000000
22.741875 -67.995720 650.000000
23.817118 -67.995720 650.000000
24.968954 -68.204933 652.000000
26.127409 -68.414154 654.000000
27.209269 -68.414154 654.000000
28.377647 -68.623375 656.000000
29.597557 -68.937195 659.000000
30.687689 -68.937195 659.000000
31.874264 -69.146416 661.000000
33.117332 -69.460243 664.000000
34.215736 -69.460243 664.000000
35.420506 -69.669456 666.000000
36.686733 -69.983284 669.000000
37.793407 -69.983284 669.000000
38.958229 -70.087891 670.000000
40.126358 -70.192505 671.000000
41.236343 -70.192505 671.000000
42.346325 -70.192505 671.000000
43.456310 -70.192505 671.000000
44.566292 -70.192505 671.000000
45.676273 -70.192505 671.000000
46.855984 -70.297112 672.000000
47.967621 -70.297112 672.000000
49.079258 -70.297112 672.000000
-28.735359 -69.185394 672.000000
-27.582615 -69.082443 671.000000
-26.472631 -69.082443 671.000000
-25.362648 -69.082443 671.000000
-24.216520 -68.979485 670.000000
-23.108192 -68.979485 670.000000
-21.999863 -68.979485 670.000000
-20.860352 -68.876534 669.000000
-19.753677 -68.876534 669.000000
-18.647003 -68.876534 669.000000
-17.540329 -68.876534 669.000000
-16.433653 -68.876534 669.000000
-15.304069 -68.773575 668.000000
-14.199048 -68.773575 668.000000
-13.094028 -68.773575 668.000000
-11.989007 -68.773575 668.000000
-10.883986 -68.773575 668.000000
-9.764327 -68.670624 667.000000
-8.660960 -68.670624 667.000000
-7.557594 -68.670624 667.000000
-6.444551 -68.567665 666.000000
-5.342840 -68.567665 666.000000
-4.241127 -68.567665 666.000000
-3.139415 -68.567665 666.000000
-2.034644 -68.464714 665.000000
-0.934586 -68.464714 665.000000
0.164974 -68.258804 663.000000
1.257918 -68.052895 661.000000
2.351358 -68.052895 661.000000
3.439588 -67.949944 660.000000
4.531374 -67.949944 660.000000
5.614642 -67.846985 659.000000
6.694600 -67.744034 658.000000
7.783078 -67.744034 658.000000
8.858074 -67.641075 657.000000
9.914624 -67.435173 655.000000
10.998139 -67.435173 655.000000
12.063210 -67.332214 654.000000
13.145071 -67.332214 654.000000
14.226933 -67.332214 654.000000
15.285386 -67.229263 653.000000
16.365593 -67.229263 653.000000
17.445801 -67.229263 653.000000
18.526009 -67.229263 653.000000
19.636240 -67.332214 654.000000
20.718102 -67.332214 654.000000
21.799963 -67.332214 654.000000
22.916811 -67.435173 655.000000
24.000326 -67.435173 655.000000
25.122139 -67.538124 656.000000
26.247259 -67.641075 657.000000
27.334084 -67.641075 657.000000
28.507423 -67.846985 659.000000
29.732294 -68.155853 662.000000
30.827391 -68.155853 662.000000
32.018929 -68.361763 664.000000
33.217083 -68.567665 666.000000
34.318794 -68.567665 666.000000
35.526875 -68.773575 668.000000
36.741570 -68.979485 670.000000
37.849899 -68.979485 670.000000
39.016376 -69.082443 671.000000
40.126358 -69.082443 671.000000
41.236343 -69.082443 671.000000
42.346325 -69.082443 671.000000
43.521072 -69.185394 672.000000
44.632710 -69.185394 672.000000
45.744347 -69.185394 672.000000
46.925709 -69.288353 673.000000
48.039001 -69.288353 673.000000
49.152294 -69.288353 673.000000
